huc8,site_id,i,j,sim_m3s,obs_lt,drain
01080101,01127880,4128,2533,1.0279851160395985,,6.36
01080101,01128500,4123,2526,2.5073464537390566,,83.0
01080101,01129200,4114,2517,8.070188395017036,16.584241768585617,254.0
01080101,01129440,4121,2501,1.4696403581786794,1.949296868698477,36.7
01080101,01129500,4110,2484,24.685883117684728,49.009351872858915,799.0
01080101,01130000,4124,2474,7.466199156318548,14.623014720583743,232.0
01080101,01131500,4115,2447,47.89606404618786,89.50977691674373,1514.0
01080101,01137500,4126,2435,5.020970139263246,6.467030989774053,87.6
01080101,01137940,4108,2421,11.369204919734921,21.949758207692664,288.0
01080101,01138000,4103,2415,14.510093390080758,,395.0
01080101,01138500,4100,2413,84.87254479201809,154.0182411890554,2644.0
01080201,01156500,4110,2261,235.71510209902,,6266.0
01080201,01157000,4120,2294,2.9136324999318455,4.2459081942287105,71.1
01080201,01158000,4118,2288,3.97274769950128,5.96288652752788,101.0
01080201,01158110,4122,2281,6.4255929233210285,6.244406208501186,115.0
01080201,01158500,4125,2287,1.8014497229677362,,42.3
01080201,01158600,4125,2285,1.9398437385771254,2.624517381217409,47.2
01080201,01159000,4132,2285,0.7345729740254026,,11.2
01080201,01159500,4128,2279,2.0757727284517196,,31.7
01080201,01159600,4124,2288,1.8014497229677362,,5.94
01080201,01160000,4133,2274,2.0757727284517196,1.970304418794921,36.0
01080201,01160350,4120,2275,14.741105992401488,17.165921373155363,316.0
01080201,01161000,4112,2263,18.56607341332447,22.463488212221318,420.0
01080201,01161280,4116,2252,256.7568943580803,393.27407105553357,6730.0
01080201,01170500,4111,2239,323.4714094250311,449.371461099595,7860.0
01080201,01170930,4113,2226,326.77889158372886,1.0024855770481125,20.7
01080201,01171300,4122,2218,1.2245319849182041,1.9132515766849012,41.5
01080201,01171500,4115,2212,3.2150982510722685,3.092755879925618,52.6
01080201,01171800,4109,2209,4.411512422533742,,5.56
01080201,01172000,4122,2201,350.70147314599774,,8309.0
01080201,01172003,4122,2201,350.70147314599774,360.49631485407025,8309.0
01080201,01172010,4122,2199,351.103579899474,480.4565020550686,8332.0
01090001,01100890,4226,2290,243.18479090089667,0.36703781700794186,6.62
01090001,01101000,4228,2299,1.2466926390838002,1.127687726236149,21.3
01090001,01101300,4222,2271,0.2879955822104452,,4.04
01090001,01101344,4220,2271,1.2255431895215005,1.0463180814634985,18.5
01090001,01101400,4224,2279,0.5929267293104308,0.7646312389517811,13.3
01090001,01101500,4230,2277,0.29165468427144603,2.157173962021665,44.5
01090001,01102000,4236,2289,3.95627281656957,5.921257536393431,125.0
01090001,01102029,4255,2295,0.011853624396482238,0.026344897405195834,0.55
01090001,011020308,4258,2293,0.02865853821523448,0.02499487596037852,0.53
01090001,01102065,4240,2271,1.0965111681596091,0.5636598901536932,10.7
01090001,01102345,4233,2266,1.3354946678166852,0.9126910337265612,20.8
01090001,01102500,4224,2261,2.986004303917163,1.0904779890904448,24.5
01090001,01103010,4224,2258,3.8631524627757976,1.0604756196716452,
01090001,01103025,4226,2257,3.9428059487976483,0.2947581272665558,8.36
01090001,01103038,4227,2260,4.7310252016658945,,
01090001,01103040,4228,2258,4.230089375729011,0.8702369443819302,
01090001,01103220,4216,2211,0.05929040017416454,0.029648434064133356,1.15
01090001,01103280,4217,2223,3.458937389950335,3.4227497457715144,65.7
01090001,01103305,4221,2221,5.029573145813492,,84.0
01090001,01103455,4220,2237,11.094786018625014,0.15872673627901746,3.72
01090001,01103500,4222,2236,11.608536498417868,9.24052728157226,183.0
01090001,01104000,4229,2243,6.782838612302349,2.1875186793826114,
01090001,01104200,4222,2243,13.740927836664845,8.634587080539497,211.0
01090001,01104370,4214,2254,15.43155207568462,0.4736781502188658,10.2
01090001,01104405,4219,2255,23.215271010999782,0.08348616774259009,2.16
01090001,01104410,4219,2255,23.215271010999782,0.0173563247369032,0.35
01090001,01104415,4220,2254,23.215271010999782,0.021263509997957446,0.41
01090001,01104420,4216,2256,0.04005520362235314,0.04511851540606272,0.73
01090001,01104430,4213,2255,15.43155207568462,0.3128581935128834,6.86
01090001,01104440,4216,2252,15.43155207568462,0.4279058180140281,8.47
01090001,01104453,4217,2251,15.43155207568462,0.09906065717508758,2.23
01090001,01104455,4217,2251,15.43155207568462,0.02701617240961218,0.48
01090001,01104460,4217,2251,15.43155207568462,1.1478554008874595,22.0
01090001,01104475,4218,2248,14.673964187768028,0.03609193071238474,0.85
01090001,01104480,4218,2249,15.312825964939504,0.6467741773631304,23.7
01090001,01104500,4219,2251,16.17792663541054,9.868286805586894,251.0
01090001,01104615,4223,2251,16.797263892191836,12.651840949891628,271.0
01090001,01104630,4226,2246,16.495940687552356,2.5346125612262567,0.36
01090001,01104640,4223,2251,16.797263892191836,0.07321387401445194,4.7
01090001,01104660,4226,2251,17.114229798997567,0.023801123263064276,1.5
01090001,01104687,4232,2248,7.615224291221978,0.3935721711919729,13.12
01090001,01104850,4224,2229,0.31859013145586884,0.21071639636391726,6.0
01090001,01105000,4228,2235,2.0129847345268588,1.82535592866936,34.7
01090001,01105500,4234,2229,2.0129847345268588,1.5484614649520128,27.2
01090001,01105554,4233,2237,5.581979385489973,5.051717359879198,83.7
01090001,01105557,4237,2244,0.14210331017716712,,3.81
01090001,01105583,4244,2239,1.1710499821932965,1.3574840931135013,28.7
01090001,01105585,4239,2247,0.3136144527701857,0.1557445897691015,4.11
01090001,01105600,4247,2240,0.24797453312370835,0.25573459220439154,4.5
01090001,01105606,4248,2242,0.5178750056330587,0.482247857479008,12.4
01090001,01105608,4248,2244,0.6043926510563176,0.19585830361753662,12.5
01090001,011056081,4248,2244,0.6043926510563176,0.48350826112148004,12.5
01090001,01105638,4249,2244,0.5370774443651933,0.7321707313344147,14.1
01090001,01105660,4256,2245,0.2558131822640061,,4.86
02020003,01326500,4003,2280,128.68296644087812,,2779.0
02020003,01327000,4007,2287,130.15928732799946,,
02020003,01327500,4016,2291,10.798823219778962,1.3494175267691715,
02020003,01327750,4012,2287,130.97435411814806,160.32733126486505,2810.0
02020003,01328000,4016,2291,10.798823219778962,,14.1
02020003,01328770,4018,2272,150.1171543183394,167.79820792128098,3000.0
02020003,01329000,4051,2276,9.755637823090925,,152.0
02020003,01329490,4031,2273,22.381525410395003,23.475690506126742,396.0
02020003,01329500,4031,2272,22.53882254999615,20.58216340446376,396.0
02020003,01329650,4020,2270,174.57042109414388,,3440.0
02020003,01330000,3997,2254,2.8259743992930297,1.1592666002124192,24.9
02020003,01330500,3996,2256,4.622772943813496,4.108174407111082,84.2
02020003,01331095,4019,2251,191.06199927885015,204.45295617848564,3773.0
02020003,01331400,4069,2226,3.407953240251317,,7.67
02020003,01331500,4068,2229,4.19251164436512,2.715900363377227,46.7
02020003,01332000,4069,2240,3.276049975286045,3.6589929684226816,40.9
02020003,01332500,4064,2238,10.832404319009804,8.30975889162198,126.0
02020003,01333000,4061,2237,2.7795800870129885,2.607911095590977,42.6
02020003,01333500,4047,2241,3.4267297802589525,2.8370262461707636,56.1
02020003,01334000,4050,2258,6.620456831064252,6.7369098946618315,111.0
02020003,01334500,4039,2258,34.163527770699844,30.114649766334672,510.0
02020003,01335000,4035,2258,36.55114585630208,,577.0
02020003,01335500,4018,2248,234.1478862609484,,4500.0
02020003,01335754,4021,2240,241.93065028474274,,4605.0
02020003,01358000,4020,2231,434.5774512896327,,8090.0
02040101,01421610,3956,2168,2.316906428773564,,16.0
02040101,01421614,3963,2169,0.040327443496847255,,0.76
02040101,01421618,3958,2166,2.316906428773564,0.8326099231939275,14.3
02040101,01421900,3944,2155,7.476098682967205,7.583690903935482,134.0
02040101,01422000,3943,2154,7.673057355187314,,142.0
02040101,01422389,3957,2155,0.05371731917129006,0.04732444735858573,0.76
02040101,01422500,3945,2153,2.7498609734479986,,49.8
02040101,01422700,3938,2142,14.468335828236345,,256.0
02040101,01422738,3933,2150,0.05656084895384204,0.033446416297828775,0.61
02040101,01422747,3929,2139,3.0261320562863263,1.4542204873024054,24.7
02040101,01422779,3929,2139,3.0261320562863263,1.4558825019059027,22.3
02040101,01423000,3928,2139,18.83577261116838,,332.0
02040101,01423500,3923,2128,2.417926330933259,,8.1
02040101,01424000,3914,2137,2.417926330933259,,20.0
02040101,0142400103,3915,2136,2.417926330933259,,20.2
02040101,01424108,3911,2140,2.417926330933259,,1.3
02040101,01424500,3919,2128,2.773437977800928,,49.5
02040101,01424998,3916,2123,26.1234542716177,,456.0
02040101,01425000,3912,2123,28.073751052522322,19.47396495392014,456.0
02040101,01425500,3911,2130,0.08744852245149591,,1.49
02040101,01425642,3908,2118,3.2810696043543444,,8.46
02040101,01425675,3906,2132,0.29325933564364876,,4.69
02040101,01425805,3906,2121,3.473954632365553,,58.2
02040101,01426000,3909,2121,3.73051087232092,,67.6
02040101,01426500,3914,2117,34.53184423222339,27.18448853726894,595.0
02040101,01427195,3930,2102,3.314395666215581,3.4029807488241586,46.9
02040101,01427207,3932,2106,98.85457811311491,82.76649978919082,1590.0
02040101,01427405,3944,2099,105.6545514212609,,1708.0
02040101,01427500,3947,2099,6.663170134339768,7.942121177509225,110.0
02040101,01427510,3947,2098,105.81662886890796,90.15454404483947,1820.0
02040101,01427650,3941,2089,0.4349633399180321,,7.02
02040101,01428000,3956,2079,2.4472923149124455,,45.6
02040101,01428500,3959,2074,123.45802399249881,101.67267272527036,2020.0
02040103,01428750,3921,2085,3.330273570922113,2.5296408712987466,40.6
02040103,01429000,3930,2074,5.635377971386653,3.3371870444319947,59.7
02040103,01429301,3933,2082,3.6492795664604514,,46.4
02040103,01429500,3936,2077,4.876995104039711,3.6114374002941445,64.6
02040103,01430000,3938,2074,12.423681268404131,,164.0
02040103,01430500,3945,2067,14.076919446454339,,206.0
02040103,01431000,3943,2066,5.914806005233017,,78.4
02040103,01431500,3946,2067,20.58252792162834,15.484261884204823,290.0
02040103,01431620,3933,2047,2.998344679222521,0.03769052711223914,0.68
02040103,01431673,3934,2053,4.125388246425312,0.6362098359869865,15.6
02040103,01431683,3942,2059,4.162994503285861,0.019546104070221282,0.34
02040103,01431685,3940,2060,12.519833885718697,0.3471275237321788,8.18
02040103,01432000,3947,2065,20.225595901488457,11.167768421347155,228.0
02040103,01432055,3952,2067,35.84096663833832,,542.0
02050101,01496500,3929,2193,5.33801456266589,5.492723369814473,102.0
02050101,01497000,3935,2192,4.741977077699497,,81.4
02050101,01497500,3932,2176,19.42105158284195,,349.0
02050101,01498500,3935,2171,8.475279052221667,,167.0
02050101,01498620,3924,2168,35.98945207142138,38.41461741190461,678.0
02050101,01499000,3923,2168,5.116179654623474,,108.0
02050101,01499050,3916,2164,43.35808893661035,,4.22
02050101,01499470,3924,2157,3.4556874157052637,,9.12
02050101,01500000,3917,2154,5.220027093407758,5.546772551076672,103.0
02050101,01500500,3911,2151,51.356229521866524,48.373854463024756,982.0
02050101,01501000,3901,2184,9.743002297437561,,199.0
02050101,01501015,3902,2183,4.466337320912295,,4.64
02050101,01501500,3896,2172,17.1891130480331,,0.61
02050101,01502000,3911,2176,2.9318315831945743,2.9262106086351634,59.7
02050101,01502500,3902,2155,26.544236249670433,27.890152826615598,520.0
02050101,01502632,3900,2145,81.88843723656485,87.62871294073477,1610.0
02050101,01502731,3894,2118,93.96191093173685,100.27210931145969,1820.0
02050101,01503000,3882,2110,115.7631166197786,111.64725027887663,2232.0
02050102,01505000,3886,2184,12.363852026779925,13.044542897671931,263.0
02050102,01505500,3886,2171,3.05644307796578,,57.9
02050102,01505810,3886,2158,22.47945873362362,23.96481037979176,458.0
02050102,01507000,3876,2142,28.737566574072424,31.4022226663968,593.0
02050102,01507470,3873,2150,2.7820775128433883,,7.06
02050102,01507500,3872,2147,4.088134715736953,,82.3
02050102,01507975,3849,2179,3.8114931777677383,,2.67
02050102,01508000,3841,2187,3.8114931777677383,,3.16
02050102,01508500,3841,2172,7.588589235822908,,6.81
02050102,01508803,3836,2166,2.4678081968317356,,71.5
02050102,01508962,3838,2162,2.59117446214053,,14.3
02050102,01509000,3838,2163,11.699428611863112,15.86410768766443,292.0
02050102,01509150,3846,2154,14.831186362987468,,10.4
02050102,01510000,3860,2162,6.960298306977517,8.575542927742022,147.0
02050102,01510500,3860,2148,11.319865432885486,,217.0
02050102,01511500,3866,2136,34.22273448208271,,730.0
02050102,01512500,3873,2129,72.4075725782449,78.21733016982502,1483.0
02050201,01541000,3687,1936,15.515236836485535,16.171341984299897,315.0
02050201,01541200,3698,1944,18.917646292184497,19.308230149038163,367.0
02050201,01541248,3696,1946,2.1406832935165805,,76.5
02050201,01541303,3702,1951,22.95167717739299,25.269293594392664,474.0
02050201,01541308,3708,1898,2.3727456043747166,,6.77
02050201,01541490,3706,1946,2.4575587336080233,,45.7
02050201,01541500,3707,1948,18.398040122879422,17.13556588728903,371.0
02050201,01541880,3728,1964,13.379997886950791,,0.53
02050201,01542000,3721,1938,3.41428436917707,3.3453386047216482,68.8
02050201,01542500,3726,1969,70.68171110319925,70.09015243531101,1462.0
02050202,01542810,3702,2014,0.23658379569882704,0.255155850338387,5.24
02050202,01543000,3712,1999,16.821225589193688,13.74760048534763,272.0
02050202,01543500,3722,1990,39.92243512517831,34.137337840273425,685.0
02050202,01543693,3726,2016,2.5614872841492438,2.798162480110071,49.2
02050202,01543700,3723,2012,10.316988564822962,11.769045302068433,182.0
02050202,01544000,3726,2000,13.465570516253022,12.579615692288334,245.0
02070001,01605500,3688,1686,9.419220568910276,5.387627273066545,179.0
02070001,01605600,3679,1691,8.633299748259706,,4.43
02070001,01606000,3688,1724,17.725545961759472,12.770294480607973,310.0
02070001,01606500,3693,1726,20.452368337614416,23.14136901988882,651.0
02070001,01607000,3704,1717,2.168126721101502,,
02070001,01607500,3696,1687,5.876624081491222,3.1525279697660387,103.0
02070001,01608000,3710,1732,16.48319453829686,7.252664983824488,276.0
02070001,01608050,3712,1739,0.3511566749346172,,4.87
02070001,01608070,3708,1742,63.87870183258188,36.79709583970193,1216.0
02070001,01608400,3720,1772,74.08516206448034,,4.37
02070001,01608500,3724,1784,77.26817094158714,41.435119259531234,1461.0
02070002,01594930,3669,1752,2.19512934110832,0.6686107467766466,8.23
02070002,01594934,3668,1753,2.19512934110832,,1.55
02070002,01594936,3668,1753,2.19512934110832,0.12187791855196113,1.91
02070002,01594950,3668,1753,2.19512934110832,0.13070474388705977,2.3
02070002,01594963,3668,1754,4.186393890413765,0.22973079212185835,4.26
02070002,01595000,3675,1756,6.656905277939743,5.053389062902339,73.1
02070002,01595200,3681,1751,6.751918059714407,2.723988407786682,48.5
02070002,01595300,3685,1765,13.379192927705438,2.064254486370208,42.7
02070002,01595500,3683,1768,13.472932628478825,13.470945978530638,225.0
02070002,01595800,3687,1775,16.024697741718523,14.768425225076388,266.0
02070002,01596000,3688,1780,16.90092218877286,,287.0
02070002,01596050,3689,1798,0.522886034836812,0.3515719576102674,7.88
02070002,01596500,3685,1788,2.919074277155918,2.321276897814289,49.1
02070002,01597000,3684,1780,5.713870310257659,0.7144867710740593,16.7
02070002,01597500,3685,1780,7.5107634548350655,5.127795847979841,106.0
02070002,01598000,3689,1780,8.139872882846882,,115.0
02070002,01598500,3690,1780,29.59781991162606,22.131552590430577,406.0
02070002,01598650,3696,1799,0.09661658235974362,0.12720009111965802,3.58
02070002,01599000,3691,1782,4.272982292086301,2.6183153206237364,71.9
02070002,01599500,3697,1773,3.10343002446785,,46.7
02070002,01600000,3706,1794,37.32236160430178,25.841486127189754,607.0
02070002,01601000,3708,1821,8.121866973713423,6.601226908452835,146.0
02070002,01601100,3707,1810,9.979543865739071,,185.0
02070002,01601500,3707,1805,13.30990798760469,10.277614072207655,247.0
02070002,01603000,3710,1800,52.194491921208005,40.107617634839976,877.0
02070002,01603500,3714,1818,2.1059575886389887,,30.2
02070002,01604000,3713,1805,3.4440396696853446,,89.0
02070002,01604500,3711,1779,13.500053705351053,5.27421857382352,221.0
02070003,01609000,3729,1797,8.683745521095632,,148.0
02070003,01609500,3730,1796,8.683745521095632,,5.08
02070003,01609800,3737,1790,5.57761889238002,,107.0
02070003,01610000,3738,1797,173.69462187874052,,3129.0
02070003,01610155,3744,1811,7.5929122310670625,3.0929779501971884,102.0
02070003,01610200,3727,1741,9.596317342128712,,155.0
02070003,01610300,3735,1746,13.429366517473552,,182.0
02070003,01610400,3738,1738,2.316029947721141,0.470838334279659,11.4
02070003,01610500,3744,1759,18.3708801472607,,306.0
02070003,01611500,3749,1805,37.359733107543185,,675.0
02070004,01612500,3750,1823,228.38372604151667,,16.9
02070004,01613000,3757,1819,229.26127288370523,123.91618501525907,4064.0
02070004,01613030,3752,1816,6.1430181230757155,0.24940856522279922,6.68
02070004,01613050,3755,1844,5.06389937697357,,10.7
02070004,01613095,3758,1821,8.012229823939565,3.481414731455022,113.0
02070004,01613500,3766,1824,11.06221038129051,,158.0
02070004,01613525,3768,1819,13.599563716862914,6.411462468415399,193.0
02070004,01613900,3759,1765,0.964007173054791,0.4771236846755614,15.9
02070004,01614000,3773,1801,13.121556702822952,6.287539221631067,235.0
02070004,01614090,3811,1858,0.5031621786674811,,5.05
02070004,01614137,3786,1853,2.0548333136473516,0.19779288271774229,13.2
02070004,01614140,3787,1848,4.093723617788264,,63.0
02070004,01614500,3785,1828,32.584814905507926,18.829159344684893,494.0
02070004,01614830,3769,1758,0.8654209771456773,0.20859153140336045,15.2
02070004,01615000,3777,1765,2.600741089727252,,58.2
02070004,01615500,3771,1762,0.5794030057042223,,5.89
02070004,01616000,3775,1766,2.0689260590785286,,17.0
02070004,01616100,3774,1767,2.0689260590785286,,11.0
02070004,01616400,3772,1787,8.743971244489495,,21.0
02070004,01616425,3786,1786,13.026807297733596,0.3113651299773463,9.29
02070004,01616500,3783,1795,14.3670913434562,8.041718501351845,272.0
02070004,01617000,3779,1803,17.337113013705714,0.3533699512861278,11.7
02070004,01617800,3791,1812,17.712506629572136,,18.9
02070004,01618000,3794,1799,343.50411369813486,,5955.0
02070004,01618100,3791,1803,340.975498296044,,16.0
02070004,01619000,3802,1831,6.08418798441848,3.1300685539370225,93.5
02070004,01619500,3799,1801,18.03983861484549,9.421333512904754,281.0
02070005,01620500,3702,1656,1.1076176079620255,,17.3
02070005,01621000,3714,1677,3.9606245237554094,,73.0
02070005,01621050,3721,1675,4.120171606719676,0.29817433446814257,14.3
02070005,01621410,3730,1671,0.5666223511588062,0.11939654729338432,10.9
02070005,01621470,3726,1664,17.11600751438346,0.237542646032281,18.8
02070005,01622000,3730,1661,18.392329303289653,,376.0
02070005,01623000,3715,1636,3.470743246670596,,0.67
02070005,01623500,3713,1638,3.470743246670596,,3.85
02070005,01624000,3713,1642,3.956344574690853,,9.81
02070005,01624300,3721,1650,10.336043111179132,,179.0
02070005,01624800,3728,1638,7.114211166031479,,73.0
02070005,01625000,3736,1654,24.478109961855942,,373.0
02070005,01625900,3736,1627,3.581162111682984,,40.8
02070005,01626000,3737,1634,8.484375143817974,,127.0
02070005,01626500,3738,1633,8.484375143817974,,133.0
02070005,01626850,3739,1636,9.739421748147375,,148.0
02070005,01627500,3739,1651,14.717575975945122,,212.0
02070005,01628060,3746,1656,0.13261903288980437,,1.95
02070005,01628150,3746,1655,62.82050406587993,,1.18
02070005,01628500,3744,1663,63.92205732192229,,1079.0
02070005,01629500,3754,1701,82.47400971570636,42.67418042296819,1372.0
02070005,01630700,3776,1725,99.57530603193311,,20.5
02070005,01631000,3774,1735,100.68692220631418,48.214125815152926,1634.0
02070008,01636690,3804,1787,183.47239521098484,0.4356057908928864,13.5
02070008,01636845,3812,1796,6.994561903150506,,4.16
02070008,01636846,3813,1795,6.994561903150506,0.2209150595500881,4.55
02070008,01637000,3811,1808,1.0659448186785556,,8.83
02070008,01637500,3814,1802,4.831464443538204,2.436216391776839,66.9
02070008,01638350,3815,1777,1.9233721554052057,,31.6
02070008,01638420,3813,1778,1.685428006078927,0.7417009483639928,23.1
02070008,01638480,3817,1785,5.593594257169519,2.9525439944948038,89.5
02070008,01638500,3819,1787,565.4852914234689,292.0384719545317,9651.0
02070008,01643590,3822,1777,634.7224694377901,0.2718247498449748,7.88
02070008,01643700,3806,1752,10.669705391491865,4.077562585677085,122.0
02070008,01643805,3813,1763,3.1701140590744927,,38.1
02070008,01643880,3810,1759,3.427709623451618,1.5097397494950382,47.2
02070008,01644000,3823,1760,25.024413965776255,,332.0
02070008,01644280,3834,1764,4.320921526215646,3.6818436468214832,76.1
02070008,01644290,3840,1757,0.0393352653439867,,0.069
02070008,01644291,3840,1757,0.0393352653439867,,0.085
02070008,01644295,3842,1757,0.03587882112889439,,0.33
02070008,01644371,3843,1789,0.0748037074244526,0.020065898226213248,0.43
02070008,01644372,3843,1788,0.051921858106129204,0.013163848821290128,0.37
02070008,01644375,3840,1789,2.952011184473752,0.06347434201788218,1.35
02070008,01644380,3837,1789,3.2035442474594595,0.02941021914013594,0.79
02070008,01644388,3837,1786,0.2576100872095335,0.12581180827903896,3.37
02070008,01644390,3838,1786,0.36337349180551964,0.1772328717730343,4.48
02070008,01644500,3846,1783,2.952011184473752,,41.0
02070008,01644600,3845,1777,3.7168508679073122,,50.7
02070008,01644603,3845,1777,3.7168508679073122,2.0084764298598725,50.7
02070008,01645000,3839,1776,7.012381871804089,4.237145351084866,101.0
02070008,01645200,3853,1774,0.24263985159140006,,3.7
02070008,01645704,3845,1751,0.37216983990638564,0.2544236150848625,5.49
02070008,01645762,3844,1751,0.1781911707278615,0.08754841792655807,2.71
02070008,01645784,3848,1758,2.8236771828363105,,0.79
02070008,0164578734,3848,1758,2.8236771828363105,,1.27
02070008,0164579522,3849,1757,2.8236771828363105,,1.14
02070008,01646000,3850,1761,3.494493692090121,2.022219882092906,57.8
02070008,01646305,3857,1762,690.6237118057965,0.07089828846996543,2.05
02070008,01646500,3860,1762,692.8947161877865,356.5616903454154,11560.0
02070008,01646502,3860,1762,692.8947161877865,,11560.0
02070008,01646550,3867,1764,3.654303320678072,,4.1
02060003,01580700,3929,1846,1447.4421621079014,0.5687061818290451,13.2
02060003,01581000,3908,1841,0.6139195066556441,,7.5
02060003,01581500,3909,1841,0.6827762373023659,0.43471647037354816,8.52
02060003,01581590,3912,1832,3.2926815639880727,,21.0
02060003,01581649,3916,1836,0.7224595048662219,0.4377991394372086,9.15
02060003,01581657,3922,1838,0.13587582402741968,,4.16
02060003,01581658,3922,1837,0.1857320876460571,,5.22
02060003,01581690,3906,1838,0.28161247998751976,0.10240118545599297,3.18
02060003,01581700,3906,1837,2.4765530250593217,1.491002740271615,34.8
02060003,01581750,3906,1837,2.4765530250593217,1.6094712501804678,36.8
02060003,01581752,3907,1836,3.2534068479753637,0.12983809404356783,2.5
02060003,0158175320,3909,1834,3.2534068479753637,0.03958224718770462,0.66
02060003,01581757,3915,1830,3.560061296466112,2.4746477547433434,55.6
02060003,01581810,3866,1849,3.0585876809465002,1.0603174514273572,27.0
02060003,01581830,3870,1845,3.0585876809465002,0.2980023603177133,7.68
02060003,01581870,3873,1840,4.515846970873837,0.6035938786524646,15.8
02060003,01581920,3878,1841,5.518070859725553,3.130860811866906,81.5
02060003,01581940,3880,1840,5.935836430156423,,0.78
02060003,01581960,3878,1847,0.719329384324592,0.3986553708301645,9.72
02060003,01582000,3884,1837,5.979980493964127,,52.9
02060003,01582500,3885,1834,10.85287904060247,6.139715430651243,160.0
02060003,01583000,3876,1829,2.4909582644397297,0.07876431826275686,2.09
02060003,01583100,3874,1831,2.4909582644397297,0.4662817952846651,12.3
02060003,01583500,3883,1829,4.284775812859875,2.1857918091724464,59.8
02060003,01583570,3886,1826,4.417982700403679,0.0044249732760252534,0.12
02060003,01583580,3885,1827,4.417982700403679,,1.47
02060003,01583600,3887,1827,4.736449761768768,0.9226163582459448,20.9
02060003,01583800,3894,1824,20.569488377383898,0.08977023327083984,1.98
02060003,0158397967,3897,1822,21.350107808958473,0.08325458750576446,2.06
02060003,01583980,3897,1823,21.460258682319346,0.09807943974201026,2.9
02060003,01584000,3898,1824,21.888673837446134,,314.0
02060003,01584050,3904,1832,2.903114852550742,0.3398129875777812,9.4
02060003,01584500,3901,1835,2.903114852550742,1.386288071104426,36.1
02060003,01585075,3916,1827,3.4854793288621715,0.0618978204761254,1.83
02060003,01585090,3905,1820,22.16273270971731,0.13262933646650232,2.73
02060003,01585095,3906,1819,22.16273270971731,0.06243024503362392,1.34
02060003,01585100,3909,1816,22.16273270971731,0.4162338756934421,7.61
02060003,01585104,3910,1825,3.72355874023964,,2.5
02060003,01585105,3910,1821,23.9113608888869,0.10858348135436391,2.65
02060003,01585107,3911,1824,28.466723703674347,0.052494526691183825,2.03
02060003,01585140,3919,1826,3.560061296466112,0.028329259456259505,0.53
02060003,01585200,3894,1816,0.11870859261063647,0.09193687376794214,2.13
02060003,01585219,3894,1808,4.19917507734764,1.4056877074778493,16.3
02060003,01585225,3898,1816,0.11350988832875514,,0.15
02060003,01585230,3896,1818,2.9866730216065234,0.13489888410815057,3.52
02060003,01585300,3904,1814,0.2775296081659393,,4.46
02060003,01585400,3904,1816,0.12247833993261661,,1.97
02060003,01585500,3856,1832,0.29940635328385906,0.0859114053015002,3.29
02060003,01585680,3864,1839,0.0772751925423785,,
02060003,01586000,3864,1826,3.7342378390909636,2.0261209237643207,56.6
02060003,01586210,3866,1824,3.0585820910048143,0.5171009469886763,14.0
02060003,01586500,3867,1818,5.381232738796522,,91.0
02060003,01586610,3860,1819,2.483717801631069,1.0547245912156658,28.0
02060003,01587000,3870,1810,9.74935634444964,,165.0
02060003,01587500,3868,1808,5.228081487760303,,64.4
02060003,01588000,3861,1810,3.887318518425483,,11.4
02060003,01588500,3872,1807,15.74466578692071,,251.0
02060003,01589000,3878,1806,17.53696657684242,6.158756574599937,285.0
02060003,01589025,3882,1801,19.29735307668696,8.566347232708647,301.0
02060003,01589035,3887,1799,19.58418755685032,9.325796845666355,312.0
02060003,01589100,3893,1803,3.626591153757977,0.10818782856211195,2.47
02060003,01589180,3872,1823,0.02777506678503741,0.010870699815212437,0.32
02060003,01589197,3875,1822,0.06971946363733796,0.16403709912897568,4.23
02060003,01589200,3876,1821,0.06971946363733796,,4.9
02060003,01589230,3876,1816,0.635257587834547,0.26105326383837407,7.39
02060003,01589238,3878,1817,0.023541868964055482,0.0008479414316919668,0.03
02060003,01589290,3884,1814,0.24182362880139652,0.1324100859556979,3.23
02060003,01589300,3883,1811,1.9391224778280516,1.378717683264754,32.5
02060003,01589305,3882,1814,2.9927619606381546,0.15950641859324985,3.64
02060003,01589312,3881,1803,17.904785596837485,0.030978566893778516,0.79
02060003,01589315,3884,1812,2.9927619606381546,0.12381245348312186,2.43
02060003,01589316,3879,1805,17.68787251533479,0.03294561408214472,0.74
02060003,01589317,3879,1805,17.53696657684242,0.030284379208651027,0.51
02060003,01589320,3879,1805,17.68787251533479,0.11512726631253684,1.91
02060003,01589330,3885,1811,2.9927619606381546,0.28485105539867145,5.52
02060003,01589351,3891,1806,3.185227917451893,0.15061362195377095,4.42
02060003,0158935180,3891,1806,3.28504103117829,0.21521424053132976,2.5
02060003,01589352,3891,1805,3.626591153757977,2.832586442414259,65.9
02060003,01589440,3886,1819,2.6495435038960076,0.9716848546900083,25.2
02060003,01589464,3890,1812,3.569948155801423,0.07644901125003338,2.2
02060003,01589478,3893,1809,3.8677052534510996,2.2937196118711958,54.9
02060003,01589480,3893,1809,3.991833638094255,,56.1
02060003,01589500,3897,1798,2.694186649012538,0.16748154883041907,4.97
02060003,01589501,3898,1795,23.092463058374456,0.037310070787955285,0.58
02060003,01589512,3896,1799,2.694186649012538,0.30165064728001745,8.24
02060003,01589522,3901,1794,2.694186649012538,,4.79
02060006,01591000,3859,1793,2.4221481432610337,1.2250836971180807,34.8
02060006,01591350,3857,1800,0.32055400793783284,,8.37
02060006,01591400,3859,1794,1.7220915280317355,0.7841224269788641,22.9
02060006,01591500,3860,1793,1.7220915280317355,,27.7
02060006,01591610,3865,1789,4.865368329635717,2.6315938981204985,78.6
02060006,01591700,3864,1788,5.07882494157334,0.8888526084367173,27.0
02060006,01592000,3873,1785,7.84290194167173,,127.0
02060006,01592500,3877,1784,8.303056226584866,,132.0
02060006,01593370,3873,1792,2.492757696813061,0.04957811455373728,1.2
02060006,01593450,3876,1789,3.552102663698176,,2.47
02060006,01593500,3878,1790,5.305704245021545,1.4298695965608221,38.0
02060006,01593710,3873,1792,3.076947473468972,,48.39
02060006,01594000,3881,1787,5.559158134870613,,98.4
02060006,01594400,3884,1785,5.653617360475031,,11.6
02060006,01594440,3896,1772,21.297091126078293,,348.0
02060006,01594500,3887,1763,3.502088381251245,,30.2
02060006,01594526,3896,1756,5.448216042171492,,89.7
02060006,01594600,3907,1736,41.59789984575813,,3.85
02060006,01594670,3915,1733,0.4262753756530424,,9.38
02060006,01594710,3909,1725,49.605569335601466,,3.26
02060006,01594800,3924,1724,0.3109782119423597,,6.73
02080109,01484800,4002,1634,0.12214796660806038,0.030306768296416507,1.9
02080109,01487000,3994,1772,3.7166937709541914,2.8343687768298675,75.4
02080109,01487060,4006,1775,0.181451850743652,0.04709550937506431,1.25
02080109,01487150,3994,1771,3.4217525346668283,0.12357808731058423,2.97
02080109,01487195,3997,1766,5.141612151884888,0.009526485417163399,0.25
02080109,01487500,4006,1752,0.4284662653589021,0.5351864610787596,16.7
02080109,01487698,4004,1758,0.13489990592390805,0.16221732262436123,3.23
02080109,01488500,3978,1781,3.429100277607674,1.6673732648768869,46.8
02080109,01488600,3980,1779,3.429100277607674,,
02080109,01489000,3977,1768,7.505538504764444,0.240089103304704,7.1
02080109,01489500,3990,1732,0.24464039456629263,,12.2
02080111,01484981,4016,1750,0.17968972882447903,0.11303892307098497,3.66
02080111,01484983,4017,1747,0.1946601842045071,0.0976620360837351,2.78
02080111,01484985,4016,1749,1.7856995646911007,0.38156167785986,12.8
02080111,01485000,4024,1742,3.8466958891041254,2.2072961150192,60.5
02080111,01485500,4013,1724,3.078143087239922,,44.9
03010101,02053730,3651,1504,2.7192050576976015,,22.6
03010101,02053800,3646,1510,6.469989454505757,3.347629414637309,109.0
03010101,02054500,3647,1522,15.376713949573666,6.950484612429359,254.0
03010101,02054510,3651,1523,16.17000448891669,7.1455823621173895,270.0
03010101,02054530,3653,1526,17.084393122398584,7.755292042837832,281.0
03010101,02055000,3669,1529,26.411569837763498,10.66721273828193,384.0
03010101,02055100,3665,1547,1.0594477375635956,0.3625046661859106,11.7
03010101,02055379,3669,1535,4.242903726179364,0.87244204349952,62.6
03010101,0205551460,3670,1532,4.670137345957292,0.25457804205205475,5.07
03010101,0205551614,3672,1530,4.670137345957292,1.5471215658105404,78.0
03010101,02056000,3675,1530,35.02282779851873,15.714030209779729,509.0
03010101,02056650,3677,1527,3.1275793078412035,1.7428249971457794,55.8
03010101,02056900,3683,1508,8.484428276197825,3.7974298723027426,115.0
03010101,02057000,3695,1510,12.041013918091148,,208.0
03010101,02057500,3710,1512,69.15590622060296,,1017.0
03010101,02058000,3703,1495,4.3941395494702755,,59.6
03010101,02058400,3712,1503,24.812931934214394,10.783239188757042,351.0
03010101,02058500,3712,1508,27.63138209067659,,382.0
03010101,02059000,3715,1510,97.96328643164968,,1418.0
03010101,02059485,3699,1536,6.54438006902863,2.942501000130671,125.0
03010101,02059500,3706,1528,13.10921771479217,5.073976834357789,188.0
03010101,02060500,3729,1525,125.62254396199617,51.782847053381765,1782.0
03010101,02061000,3711,1550,10.003405334978725,3.466534494089739,114.0
03010101,02061500,3725,1535,24.786893752015054,9.294658537724679,315.0
03010101,02062000,3727,1533,28.353919409592308,,362.0
03010103,02068000,3646,1444,4.941555209578171,,71.4
03010103,02068500,3655,1443,11.279546020921487,5.5135533797919845,129.0
03010103,02069000,3682,1427,45.40805489344573,18.644501762815306,501.0
03010103,02069700,3669,1452,6.064758528160644,3.4467665214036955,85.5
03010103,02070000,3682,1454,7.5493570702672805,3.635365532378395,108.0
03010103,02070500,3682,1451,20.65367752580897,9.060588185315709,242.0
03010103,02071000,3700,1441,83.28906068102584,32.78267018507006,1053.0
03010103,02071500,3701,1450,90.15197805948075,,1150.0
03010103,02071530,3657,1473,6.028099968154407,1.3319645632564745,26.3
03010103,02072000,3674,1477,18.389417349512104,8.402633083095623,215.0
03010103,02072500,3676,1476,21.051072673885514,10.12135583587544,259.0
03010103,02073000,3688,1467,30.163378058735045,14.490269240454177,379.0
03010103,02073500,3697,1465,4.966889071794512,,68.4
03010103,02074000,3702,1454,42.3365048613439,19.772827754891015,538.0
03010103,02074218,3715,1459,139.93101749067594,,1778.0
03010103,02074500,3722,1469,8.282010136484377,3.170635994881985,111.0
03020101,02081500,3810,1442,12.484520645292601,,167.0
03020101,02081740,3836,1438,26.700065486562433,,429.0
03020101,02081747,3837,1437,27.54481657675092,11.041044086942668,427.0
03020101,02081800,3834,1432,2.903685538675893,,47.8
03020101,02081942,3861,1419,40.879043233369686,,670.7
03020101,02082000,3874,1419,44.152129780035715,,701.0
03020101,02082500,3876,1423,3.427372313027422,,64.8
03020101,0208250410,3878,1425,48.202472634201484,19.059851761685305,775.0
03020101,02082506,3879,1426,48.41481118376315,20.40376233451458,777.0
03020101,02082585,3886,1433,58.11157226032986,24.40491835841619,925.0
03020101,02082610,3885,1437,59.06285167998226,,930.0
03020101,0208273070,3837,1452,2.943013944929909,,2.89
03020101,02082731,3841,1450,3.3936857242481433,0.3932966856602548,13.4
03020101,02082770,3868,1447,9.459909373539857,4.46510540810975,166.0
03030003,02098500,3694,1398,4.595688540414091,,32.1
03030003,02099000,3697,1399,1.3314112521164225,0.6022972487648811,14.8
03030003,02099500,3708,1387,11.079594672876553,4.061740925903576,125.0
03030003,02100000,3710,1384,11.203136893329372,,16.7
03030003,02100500,3729,1371,28.55653086212173,9.642418617156952,349.0
03030003,02101000,3742,1342,9.656659517592258,,137.0
03030003,0210106600,3756,1351,63.388774035315684,20.280344377646546,859.0
03030003,0210108450,3744,1331,0.028197222199343373,,0.67
03030003,0210166029,3741,1381,0.30152349760799974,0.1905186745366724,7.42
03030003,02101726,3749,1377,4.010483035373574,1.5758925853154564,68.7
03030003,02101800,3757,1371,6.065327486085936,0.33168070627359625,15.5
03030003,02102000,3778,1371,98.97739163605233,36.21123220715107,1434.0
03050101,02137000,3512,1319,4.45167313809304,,20.64
03050101,02137727,3522,1324,10.751665633057177,7.092290066715293,126.0
03050101,02138000,3524,1327,14.61628678469414,,172.0
03050101,02138500,3534,1339,1.9124918280401841,4.72215424236106,66.7
03050101,02138520,3540,1334,31.628024945245432,23.20753756595033,386.261
03050101,0213875850,3535,1318,0.16863835910065553,,2.38
03050101,02138816,3535,1333,24.749304105211174,3.7974588845930453,294.0
03050101,0213903612,3550,1336,41.71662016420351,23.929317844529134,508.0
03050101,02139200,3547,1330,2.829623117321494,,7.86
03050101,02139650,3558,1334,42.51174562182078,,8.94
03050101,0214042720,3532,1362,0.10267256968840595,,1.25
03050101,02140991,3549,1346,18.21431817210195,11.187513150384175,201.0
03050101,02141150,3563,1357,3.249493486184462,,28.6
03050101,02141245,3556,1346,7.115462352483082,3.551030360223146,89.5
03050101,0214183365,3579,1354,3.1500988302632478,1.7639393646791826,33.9
03050101,0214192500,3587,1354,3.4166840437935813,1.9916693501198268,46.1
03050101,0214196125,3595,1354,100.00190935274497,93.56585673888,1310.0
03050101,02142000,3585,1368,3.990747812049035,1.0388965037040074,28.2
03050101,0214244102,3604,1349,110.05372754666405,89.45175153835233,1450.0
03050101,02142500,3607,1345,117.7538584563948,,1460.0
03050101,0214253361,3614,1343,120.50432935852504,0.47161072685110145,15.6
03050101,0214253830,3617,1341,121.31353798928632,0.22218419278174648,7.18
03050101,02142600,3616,1330,2.1124131638849506,,42.4
03050101,02142651,3629,1321,0.44513869777710496,0.0814331314800488,2.35
03050101,02142654,3630,1314,3.6330782538519206,0.46624065055786557,10.2
03050101,0214265808,3631,1313,3.6330782538519206,0.16454713401744525,7.29
03050101,0214265828,3629,1315,3.6330782538519206,0.02007248360592744,0.9
03050101,0214266000,3627,1312,4.251136821667977,0.7788307982073575,26.3
03050101,0214266080,3632,1308,4.144776576739828,0.06297201999956752,3.55
03050101,0214269560,3616,1314,3.1058766612994577,0.74576625855555,36.4
03050101,02142900,3634,1303,4.359366352164804,0.5465270014438949,16.4
03050101,02142914,3627,1298,143.3087330751244,0.1573243112688428,5.28
03050101,0214291555,3624,1298,10.95843539049514,0.9758522341506104,31.5
03050101,0214295600,3626,1291,156.55614221460542,0.2949520447688969,10.4
03050101,0214297160,3624,1284,53.659506943167976,0.05384703189655577,4.47
03050101,02145642,3613,1282,7.073519897624347,2.2225319483735912,89.0
03050101,021457492,3614,1276,3.0705258167571525,0.7307429035131906,40.3
03060103,02187252,3482,1169,187.29667698480353,106.54872150238648,2090.0
03060103,02187500,3490,1160,197.98030244233794,,2231.0
03060103,02187910,3505,1175,6.754530347790552,3.4753606605434757,111.0
03060103,02188000,3503,1147,16.15851545690329,,267.0
03060103,02188500,3474,1150,1.1317322945447443,,38.4
03060103,02188600,3476,1149,1.530323036723995,2.1800816110387826,72.0
03060103,02188680,3483,1146,2.527125629241411,,80.4
03060103,02189000,3502,1142,227.7975021327084,,2876.0
03060103,02192500,3516,1143,11.139000963997876,4.833416947714133,217.0
03060103,02192830,3525,1160,4.011756852359251,0.08360081950702843,3.24
03060103,02195000,3550,1103,414.4025455287031,,6150.0
03130001,02330450,3393,1193,4.166713226352419,3.818242095535735,44.7
03130001,02331000,3405,1180,16.369246974917658,11.412130227484223,150.0
03130001,023312495,3413,1186,8.85776281174962,5.655717006337461,93.9
03130001,02331500,3409,1181,12.327688049566364,,156.0
03130001,02331600,3407,1176,29.959371299341775,21.054552846589722,315.0
03130001,02332000,3409,1168,0.029483343080765962,,0.47
03130001,02332830,3392,1161,1.510190539013363,0.9763050055975515,18.3
03130001,02333500,3379,1171,13.736860004060858,9.919530916686952,153.0
03130001,02334430,3373,1129,90.59609722818925,50.86820282945116,1040.0
03130001,02334480,3375,1124,91.47129139963536,0.4526881428375669,9.37
03130001,02334500,3372,1125,92.90213331583193,,1060.0
03130001,02334578,3376,1120,92.93978841080798,0.2117215691414916,5.06
03130001,02334620,3366,1122,3.8278345887548872,0.32769223585046464,6.9
03130001,02334653,3372,1118,95.25134036111929,56.08510038323718,1090.0
03130001,02334885,3374,1115,3.650476285739237,2.1507268334565772,47.1
03130001,02335000,3365,1109,103.7049426154683,57.18152608904446,1170.0
03130001,02335075,3363,1115,102.52465930257783,0.6069923371012306,9.79
03130001,02335078,3364,1114,102.52465930257783,0.6659391883879666,12.3
03130001,02335350,3362,1105,105.01133791287542,0.4798850019665868,8.87
03130001,02335450,3355,1107,105.38968098976784,57.00451284723809,1220.0
03130001,02335500,3352,1109,114.92484685137383,,1230.0
03130001,02335580,3358,1126,1.9015608887915438,1.632308345659658,37.4
03130001,02335700,3358,1115,6.091538304779334,3.401445766367237,72.0
03130001,02335757,3351,1113,7.791390314412267,4.619411279390876,103.0
03130001,02335790,3346,1110,117.04334760389118,0.579690366911531,16.1
03130001,02335815,3349,1104,117.75155094181576,58.7036042122013,1370.0
03130001,02335830,3348,1100,118.54900036845494,68.70474411375037,1380.0
03130001,023358685,3341,1108,118.47499336247286,0.46166787553229033,12.57
03130001,02335870,3342,1104,120.53964727546031,1.3799983498622062,30.7
03130001,02335880,3345,1095,121.77859794346094,95.91456262164806,1420.0
03130001,02335910,3344,1095,121.8121218323216,0.9977968046213231,18.6
03130001,02335912,3344,1095,121.8121218323216,1.4507045456501506,18.8
03130001,02336000,3345,1090,124.57117829594715,67.42319738138242,1450.0
03130001,02336030,3363,1100,0.08799933873646626,0.08806900442241158,1.53
03130001,02336106,3353,1089,1.0686234419632763,1.180630752913593,31.6
03130001,02336120,3352,1090,1.0686234419632763,1.616616968919188,34.8
03130001,02336152,3363,1090,0.4753625397152104,0.2044211856018993,5.62
03130001,023362095,3359,1090,0.2961188094957739,0.14554224152428893,3.26
03130001,02336240,3356,1086,1.0686234419632763,,27.6
03130001,02336300,3348,1088,6.825439027004561,,86.8
03130001,02336313,3347,1087,7.247230246692301,,2.71
03130001,02336340,3353,1096,1.6074945742146503,,17.8
03130001,02336360,3351,1093,2.282291177073778,,26.6
03130001,02336380,3347,1089,124.41450661797342,,34.8
03130001,02336410,3344,1089,7.6223171507980165,1.8010082645974432,37.7
03150101,02382610,3305,1171,2.064546749626371,0.4230295478769658,14.5
03150101,02384000,3300,1212,7.404789056563442,,108.0
03150101,02384500,3293,1189,18.186893469109048,13.520385586252443,252.0
03150101,02384540,3307,1197,1.0309736056365497,0.5159869371411165,8.24
03150101,02385000,3286,1197,7.202250371164501,,86.7
03150101,02385170,3295,1179,10.875387868555123,7.094753276206367,176.0
03150101,02385500,3283,1185,2.9281651190353064,1.5971143429423753,40.0
03150101,02385800,3298,1178,4.488885559191487,3.368457945190006,64.0
03150101,02386000,3304,1181,0.3704954194646672,,16.5
03150101,02386500,3290,1179,5.221065364107011,,14.8
03150101,02387000,3289,1171,57.09078903662409,34.68920733673866,687.0
04100003,04177080,3209,1932,0.9439848445788493,2.7333843509929716,70.8
04100003,04177266,3194,1927,1.6616360000658068,4.042954019543796,101.8
04100003,04177500,3196,1909,8.469175013698793,,394.0
04100003,04177720,3178,1911,1.491262800823532,1.0470566620671038,37.5
04100003,04177810,3188,1902,2.3526237763974875,2.5451904683134416,98.0
04100003,04178000,3189,1893,14.798370040086148,17.345228398944393,610.0
04100003,04178500,3178,1876,20.507127738347048,,734.0
04100003,04179000,3175,1870,21.373555013909282,,763.0
04100003,04179500,3170,1886,0.1795798422128223,,87.3
04100003,04179520,3166,1885,0.2757917209968862,2.6012283191620447,90.2
04100003,04180000,3170,1872,6.7916861159826345,8.20462138898211,270.0
04100003,04180500,3171,1867,29.068474764399536,30.482922024654837,1060.0
04100003,04180610,3168,1860,30.42808492493151,,1094.0
04100003,04182950,3172,1857,70.58882509010274,60.10013188352501,1930.0
04120101,04212895,3536,1991,0.6931685601127241,,12.3
04120101,04213000,3511,2010,3.8216775839648536,8.708928868930697,175.0
04120101,04213040,3523,2018,5.5727477666601475,0.08326995614188584,2.53
04120101,04213075,3533,2024,2.8576732961463978,0.20590050862104395,4.45
04120101,04213152,3537,2033,0.28083037525185284,2.2131325046632155,37.3
04120101,04213319,3578,2073,5.117434401657428,2.3546723299764287,35.0
04120101,04213376,3596,2087,1.820918142200361,2.156664819015762,32.9
04120101,04213394,3609,2100,0.9808961990379941,1.2407482398881353,25.2
04120101,04213401,3609,2099,0.8979375552763667,1.6119550188779224,25.6
04140201,01528700,3767,2127,1.5843516194201384,0.3572312701191896,45.5
04140201,04218999,3738,2189,1.6364494109302254,0.31424620505472,
04140201,04219000,3738,2189,1.6364494109302254,6.25930257935842,
04140201,04232200,3792,2120,1.5736305388937897,1.1569282541019976,39.4
04140201,0423245850,3761,2145,0.6143034453741589,0.42521217978696446,24.4
04140201,04232482,3775,2155,6.163034697817744,5.233109552372074,207.0
04140201,04232630,3777,2170,20.10294903504263,,13.8
04140201,04232650,3776,2180,21.091472042152905,,742.0
04140201,04232730,3784,2185,21.694730348367816,19.7698658829204,785.0
04140201,04233000,3814,2132,1.7254294286625182,1.2957452252251334,35.2
04140201,04233255,3815,2137,3.5482925702089703,2.678434396578511,86.7
04140201,04233286,3826,2134,1.2651035933177852,1.3398340662373074,27.0
04140201,04233300,3823,2134,1.7018339312564787,1.7381606166707038,39.0
04140201,04233678,3834,2146,0.1779167090883513,,2.73
04140201,0423368620,3835,2146,1.7584983658665583,2.021845087109321,29.7
04140201,04233700,3827,2147,0.9514880680097398,,40.3
04140201,04234000,3817,2138,6.233442189721193,5.687647144271617,126.0
04140201,04234018,3811,2150,2.3175656593583804,,81.7
04140201,0423401815,3811,2150,2.3175656593583804,3.4625645334377286,87.7
04140201,04234055,3787,2179,19.49644449559482,,3.2
04140201,04234061,3785,2186,42.17058348317056,,1564.0
04140201,0423406130,3785,2187,42.4471054690697,52.08437549942402,1566.0
04140201,04234200,3735,2177,1.3889886839114416,,64.2
04140201,04234232,3733,2180,1.370370434875373,0.31896684235949513,16.8
04140201,04234254,3738,2189,1.6364494109302254,3.628330894549504,115.0
04140201,04234270,3738,2196,0.3577965908667211,,23.8
04140201,04234398,3753,2147,3.4298510461095355,0.3577958494163576,24.6
04140201,04235000,3748,2174,5.555266858794534,5.058435467651339,195.0
04140201,04235150,3756,2153,0.6045928850431749,,31.0
04140201,04235250,3756,2178,2.394912509777098,2.8336956727594242,102.0
04140201,0423527080,3771,2198,16.17583634514976,,833.0
04140201,04235271,3774,2196,16.32244619944048,,845.0
04140201,04235276,3781,2191,16.6526758811627,0.6311215037927841,19.0
04140201,04235299,3814,2169,6.728677867031652,4.864476477895432,106.0
04140201,04235300,3813,2169,6.793668910554242,,106.0
04140201,04235440,3799,2186,10.331295766030244,,204.0
04140201,04235500,3795,2190,10.331295766030244,,206.0
04140201,04235600,3789,2202,74.34339846613754,,2815.0
04140201,04235820,3828,2177,0.027656665095921774,0.021343199006861865,0.27
04140201,04235890,3828,2174,0.299612236390315,0.4334730564630929,8.03
04140201,04236500,3807,2194,2.1991236954462923,,75.8
04140201,04236800,3805,2199,2.524107020340412,2.3133030009591673,85.9
04140201,04237496,3807,2217,83.5424465768441,105.84854062107026,3130.0
04140201,04237500,3809,2217,83.76806688202298,105.71960578969832,3138.0
04140201,04237575,3817,2215,84.45206572072242,62.1523496290862,3156.0
04140201,04237944,3833,2191,0.015360069773965954,0.02354716315281285,0.26
04140201,04237946,3833,2191,0.015360069773965954,0.027041134858471295,0.32
04140201,04237950,3833,2190,0.9334379485070439,0.5804837498710034,16.4
04140201,04237962,3830,2191,0.4450306608124871,1.7790693141653107,35.3
04140201,04239000,3828,2202,3.5088701524102466,4.031427866929976,88.5
04140201,04239500,3828,2205,3.9681322953302836,,95.0
04140201,04240010,3824,2210,4.255450130790703,5.253025467424448,110.0
04140201,04240100,3825,2208,4.235003274724657,0.2914370546337397,10.0
04140201,04240105,3824,2209,4.705105725415507,0.3325829005837038,12.1
04140201,04240120,3821,2212,4.281400918829094,1.2571543801627425,29.9
04140201,04240145,3830,2180,0.1946861733014508,,3.14
04140201,0424014980,3827,2185,0.012783464005976459,0.0019442941653146303,0.11
04140201,04240150,3825,2185,0.41792356910276135,,8.06
04140201,0424015305,3823,2188,0.05099761292333303,0.12162803460125825,2.44
04140201,0424016205,3821,2187,1.4514284690763544,,3.73
04140201,0424016825,3819,2189,1.4514284690763544,,3.69
04140201,0424016975,3819,2189,1.4514284690763544,,5.84
04140201,04240180,3817,2192,1.678633136091974,1.2966630464879592,45.1
04140201,04240200,3815,2205,2.6613861448245286,3.598577904712348,84.3
04140201,04240300,3819,2210,3.5015986305966385,4.807661058708205,115.0
04140201,04240503,3818,2215,10.501519535115474,17.854020400519026,287.0
05010001,03007800,3694,2039,12.428615779446748,13.132205734523245,248.0
05010001,03008000,3685,2043,12.355981181215851,,7.79
05010001,03009680,3684,2036,9.43725316867931,9.143780926355989,160.0
05010001,03010000,3685,2046,27.536711880665262,,530.0
05010001,03010500,3684,2052,30.206685381726118,28.621365758670187,550.0
05010001,03010655,3697,2056,5.355129676925274,4.5388388288140336,98.7
05010001,03010747,3668,2092,1.8115683160547442,,
05010001,03010800,3677,2069,8.762863347772697,,198.0
05010001,03010820,3676,2063,59.19246165981113,,1168.0
05010001,03011000,3655,2069,5.9949715051998895,,137.0
05010001,03011020,3653,2067,80.73663575648676,,1608.0
05010001,03011550,3643,2052,87.16660682523249,,28.5
05010001,03011800,3662,2024,2.2904400099763427,,38.8
05010001,03012550,3637,2029,107.52770528296662,123.05117350759056,2180.0
05010001,03015500,3614,2024,15.789786856632464,18.90198587036789,321.0
05010003,03015795,3614,2000,1.9468417058822143,0.9403840398733199,20.3
05010003,03016000,3613,1993,174.65414425439658,200.41688248172335,3660.0
05010003,03016500,3638,2014,6.1346869834466755,,128.0
05010003,03017000,3643,2008,4.726905892062208,,85.3
05010003,03017500,3640,2002,12.32324617994091,13.62118770202288,233.0
05010003,03018000,3628,1999,14.66445301794126,,307.0
05010003,03019000,3618,1983,22.524960746632306,,469.0
05010003,03020000,3612,1983,23.000466172183376,27.61942935493263,479.0
05010003,03020500,3593,1979,8.615599178082388,15.934868016500634,283.0
05010003,03021000,3594,1976,9.354510455991132,,315.0
05010003,03025500,3584,1967,276.1136690636089,329.35480108140644,5982.0
05010003,03026250,3595,1948,292.3358690516508,,24.0
05010003,411214079465802,3595,1948,292.3358690516508,,24.0
05020001,03050000,3639,1693,16.86254587684699,10.702710982167112,188.0
05020001,03050500,3635,1706,19.551881001702384,15.387383165527877,273.0
05020001,03050800,3631,1706,28.495335597872053,,28.8
05020001,03050900,3630,1706,30.186336090278456,,2.95
05020001,03051000,3630,1715,32.87091344903973,24.344269437809707,415.0
05020001,03051500,3619,1704,9.186389736550232,,123.0
05020001,03052000,3619,1714,10.616243903895429,10.428010331056774,149.0
05020001,03052120,3612,1689,10.849966185962503,7.281135785262556,94.7
05020001,03052450,3606,1707,15.48359841099503,,217.0
05020001,03052500,3613,1706,0.762357449980393,0.8188561331440845,14.3
05020001,03053500,3615,1715,12.284944393016811,17.913318387988244,277.0
05020001,03054500,3618,1727,48.0860400581323,57.07007633565493,919.0
05020001,03055000,3621,1735,52.687353287234984,,948.0
05020001,03056000,3616,1744,64.00734506362062,72.9779482791732,1187.0
05020001,03056250,3618,1748,6.483885655336991,5.385693364330602,96.7
05020001,03056500,3614,1747,71.34607203056797,,1305.0
05020001,03057000,3602,1755,74.72076309034489,81.32851207146132,1367.0
05020004,03063500,3669,1696,3.1932070075313654,,36.4
05020004,03063600,3666,1710,4.506141191568474,,6.25
05020004,03064000,3660,1707,2.7013109488920977,,46.4
05020004,03064500,3655,1711,2.6105335512131673,,40.7
05020004,03065000,3654,1726,33.43173628668795,23.735457529870487,347.0
05020004,03065050,3671,1726,1.428793599040781,0.5832759263536983,9.65
05020004,03065200,3672,1727,1.7683576873742695,1.0225296385583695,18.6
05020004,03065400,3669,1737,5.295813623232474,4.094203632053138,54.9
05020004,03065500,3669,1736,6.180786185796827,,59.1
05020004,03066000,3667,1735,6.6440462648133325,6.220339336139531,86.1
05020004,03066630,3660,1734,8.3005103041708,,1.2
05020004,03066720,3661,1728,3.9683020901455306,,1.39
05020004,03066730,3661,1728,3.9683020901455306,,1.11
05020004,03067510,3641,1678,4.328271016883986,5.0349016734507615,60.1
05020004,03068000,3651,1695,6.704616669743978,,114.0
05020004,03068500,3651,1700,6.961260198385135,,123.0
05020004,03068600,3652,1706,8.068623931929817,,136.0
05020004,03068604,3651,1707,8.068623931929817,,1.11
05020004,03068607,3651,1707,8.068623931929817,,1.53
05020004,03068610,3651,1707,8.068623931929817,,5.1
05020004,03068800,3646,1706,8.838223657790804,12.729108600332248,150.0
05020004,03069000,3647,1728,13.088321685498133,15.487969621621895,213.0
05020004,03069500,3649,1730,47.79718865804161,52.76988285499122,718.0
05020004,03069880,3642,1749,59.45719711687134,,12.4
05020004,03070000,3643,1754,67.59770643270105,75.21548602955657,936.0
05020004,0307020015,3643,1754,67.59770643270105,70.85613717664279,971.0
05020004,03070260,3643,1770,76.28923142129037,76.73802483294504,1046.0
05020004,03070310,3642,1775,12.283147642207002,,0.57
05020004,03070350,3632,1779,92.17721292362175,87.49777413671822,1128.0
05020004,03070415,3642,1802,0.1531807988664003,,2.5
05020004,03070420,3643,1799,0.03265813461813683,0.06514977403192401,0.93
05020004,03070455,3637,1797,2.253182122373089,,7.44
05020004,03070500,3635,1783,12.01789092408605,12.213370842448764,200.0
05020004,03071000,3629,1780,93.6546511944639,,1353.0
05020004,03071500,3621,1784,95.22172970373575,,1375.0
05050001,03161000,3564,1411,13.621780528765683,12.87496435631566,205.0
05050001,03161500,3566,1427,21.735210901186644,,325.0
05050001,03163000,3590,1439,62.693971083921305,,1004.0
05050001,03164000,3596,1444,70.28987641884613,56.428458716969146,1141.0
05050001,03164500,3595,1458,76.5075595238605,,1174.0
05050001,03165000,3604,1445,2.8695455627204316,2.094806184629331,39.4
05050001,03165500,3593,1466,82.18962379454044,62.80417764217394,1350.0
05050001,03166000,3590,1468,7.844692881066505,,136.0
05050001,03166800,3597,1477,14.550025165643186,0.024712602239439007,7.15
05050001,03167000,3597,1478,14.62958814223644,7.570346498646564,258.0
05050001,03167500,3611,1475,18.516980622558087,12.678253945018936,267.0
05050001,03168000,3609,1480,133.20033105247,93.7672795401011,2212.0
05050001,03168500,3603,1491,2.3520190442399547,,60.8
05050001,03169500,3627,1489,14.86849093749041,,250.0
05050001,03170000,3623,1493,15.810319714902596,10.64298822778361,300.0
05050001,03171000,3619,1505,159.69921097187293,114.1566599172027,2767.0
05050002,03171500,3612,1520,169.3648555684363,,2961.0
05050002,03172500,3605,1513,13.972846530365992,,275.0
05050002,03173000,3605,1515,15.55425454766994,9.518418404218895,299.0
05050002,03175100,3545,1493,0.23184661892189362,0.13014375629672242,1.9
05050002,03175140,3552,1497,3.0140587366457443,,4.68
05050002,03175500,3592,1518,13.071670669296944,8.808550425227333,223.0
05050002,03176400,3594,1528,2.3396195028045343,,50.4
05050002,03176500,3591,1525,221.69849570461471,148.49171380065872,3770.0
05050002,03177120,3588,1522,6.211947476492875,2.106362864529131,73.1
05050002,03177480,3594,1542,9.52436723932476,4.291476202876024,158.0
05050002,03177500,3590,1542,10.595376319216149,,191.0
05050002,03177700,3556,1503,1.5216460384721948,,39.7
05050002,03177710,3554,1506,2.7685070357635855,1.9015366702774799,44.3
05050002,03178000,3567,1527,11.796993370442031,6.984627942305186,199.0
05050002,03178500,3561,1537,13.465660970837584,,31.4
05050002,03179000,3573,1540,18.78099704279184,14.026649676977012,395.0
05050002,03179500,3576,1545,20.39684128928699,,439.0
05050002,03180000,3582,1552,261.0023963202259,,4622.0
05060001,03217424,3296,1829,6.13057417728496,,160.0
05060001,03217500,3317,1825,11.213887565282677,8.822709994445466,257.0
05060001,03218000,3334,1834,2.343368394924971,,72.4
05060001,03218500,3333,1829,2.52956491096486,,85.8
05060001,03219000,3332,1828,2.725077086883486,,93.3
05060001,03219500,3335,1812,22.573699804591755,17.73937988260598,567.0
05060001,03219590,3339,1801,29.76025887850677,2.2337594792226962,83.2
05060001,03219600,3340,1801,29.370577672543476,,0.12
05060001,03219781,3323,1791,2.595211610630895,,74.1
05060001,03220000,3338,1794,5.430085697832677,5.907075853845874,178.0
05060001,03221000,3347,1782,38.0738133414933,31.389608560849688,980.0
05060001,03221646,3354,1767,40.728542618265784,36.13117214496234,1050.0
05060001,03222500,3352,1851,0.5875492166744546,,49.4
05060001,03223000,3349,1832,3.901288991837965,5.0842419311503955,157.0
05060001,03223425,3361,1829,0.5802513064351597,1.3091711812506568,37.9
05060001,03223500,3355,1820,0.3625833946686586,,61.8
05060001,03224000,3354,1824,0.15016135756697477,,25.4
05060001,03224500,3353,1818,2.5543030558277517,,98.7
05060001,03225500,3347,1807,11.607168139320164,12.793255070775196,393.0
05060001,03226000,3348,1801,12.354730298255237,,421.0
05060001,03226500,3349,1796,13.1477339984879,,445.0
05060001,03226800,3354,1781,14.87163965990407,17.049607184910798,497.0
05060001,03226865,3360,1783,5.399971131919689,,1.65
05060001,03226870,3354,1777,15.178673192793635,,2.03
05060001,03226872,3355,1777,15.38586529860656,,2.5
05060001,03226875,3355,1776,15.53679920221753,,0.22
05060001,03226885,3356,1774,15.590817354780203,,518.0
05060001,03227107,3357,1769,16.29709678237148,21.53416327313827,533.0
05060001,03227200,3356,1765,58.33442823104252,,1613.0
05060001,03227500,3360,1760,59.0607431306388,,1629.0
05060001,03228000,3359,1763,16.730326284350067,,11.0
05060001,03228300,3365,1794,2.9870255890184056,,101.0
05060001,03228500,3366,1782,6.001018764051454,,190.0
05060001,03228560,3366,1774,2.200274986562995,,28.2
05060001,03228689,3376,1764,0.4972607404989966,,46.0
05060001,03228750,3357,1806,2.3287069532603795,2.305798328620674,64.9
05060001,03228805,3359,1789,4.411283672123006,3.2812100632939463,122.0
05060001,03229000,3365,1764,13.657818110075809,5.827700088692823,189.0
05060001,03229500,3365,1755,21.93968640685576,15.854601373116285,544.0
05060001,03229610,3363,1746,84.90012875040158,80.73560572244163,2272.0
05060001,03229796,3366,1740,9.193114921745423,9.21581261179891,274.0
05060001,03230000,3369,1730,96.60989970702178,,2638.0
05060001,03230310,3337,1761,2.9400577593521318,5.189060930094533,162.0
05060001,03230427,3343,1757,13.366926672530182,,12.2
05060001,03230450,3348,1750,17.95833592991509,1.173788422892705,35.8
05060001,03230500,3356,1735,19.763590482601312,16.53186030592795,534.0
05070201,03212558,3545,1512,0.09317106281063532,,1.38
05070201,03212567,3540,1505,0.020922886359045302,,0.33
05070201,03212580,3533,1511,3.5857692082224046,,1.78
05070201,03212585,3532,1512,3.5857692082224046,,1.24
05070201,03212600,3526,1517,4.942652079557973,,85.8
05070201,03212640,3545,1515,0.047822263044241205,0.16468606030464,0.84
05070201,03212700,3529,1519,4.153085441989344,,69.8
05070201,03212703,3528,1519,4.187463986054641,,0.6
05070201,03212750,3526,1519,10.041802451622424,6.187764236453018,174.0
05070201,03212980,3509,1511,14.077711166297863,6.718405625890396,209.0
05070201,03212985,3510,1514,14.929771085350385,,225.0
05070201,03213000,3504,1520,30.87614595757805,,503.0
05070201,03213495,3506,1517,15.006846943402854,,0.53
05070201,03213500,3505,1518,15.269772514137285,1.0914510853146706,31.0
05070201,03213577,3487,1513,2.3609126849851783,,0.6
05070201,03213590,3487,1512,4.899924989662396,,84.5
05070201,03213594,3480,1519,3.1679628092672583,,1.6
05070201,03213620,3479,1523,46.003693171978426,25.845917317322332,778.0
05070201,03213630,3483,1519,5.665678410914646,,0.82
05070201,03213700,3463,1533,55.07051554733927,33.28460224934419,936.0
05070201,03213800,3462,1546,4.529492385721833,,93.7
05070201,03214000,3451,1547,68.19560283587825,,1188.0
05070201,03214500,3449,1549,72.46043900198998,44.32194333422066,1277.0
05070201,03214900,3437,1564,84.10358641428446,48.57413679090463,1504.0
05070201,03215000,3424,1582,216.19877810973736,,3897.0
05080001,03260325,3288,1810,1.1261623510015821,,15.0
05080001,03260450,3286,1809,0.6332577676979984,,47.5
05080001,03260502,3275,1804,5.830195035712995,4.3375581612444565,99.9
05080001,03260600,3275,1804,5.830195035712995,3.959816399101544,131.0
05080001,03260700,3281,1790,12.88618545800027,1.3648942324585696,36.3
05080001,03260706,3278,1789,3.411108387326797,1.5178661713140833,40.4
05080001,03260800,3281,1786,3.411108387326797,,59.1
05080001,03261000,3275,1789,17.78853027170583,,405.0
05080001,03261500,3260,1785,22.224451543822006,17.879957300096844,541.0
05080001,03261890,3241,1789,0.9219569656532647,3.539929398925098,81.2
05080001,03261950,3241,1784,2.874626633564486,4.8325640239286916,152.0
05080001,03262000,3253,1776,7.8069529268106965,7.984639884529142,257.0
05080001,03262500,3256,1768,32.60679448834512,30.274815901252907,866.0
05080001,03262700,3261,1755,36.81440144005603,30.360734973750226,926.0
05080001,03263000,3267,1739,44.15360204397183,38.41883315692192,1149.0
05080001,03263500,3227,1761,4.242649205063364,,142.0
05080001,03264000,3241,1761,6.051920035595852,6.543098062430283,193.0
05080001,03264500,3243,1764,17.79352426238302,,437.0
05080001,03265000,3248,1756,18.523819297711935,15.812650211696742,503.0
05080001,03266000,3256,1738,23.855538651537955,21.04834185111518,650.0
05080001,03266500,3295,1798,0.3972471410166041,,7.31
05080001,03266560,3293,1786,1.7888868135359461,1.4049183339791775,36.6
05080001,03267000,3291,1770,6.986754953289795,5.671537811587519,162.0
05080001,03267500,3292,1759,10.770420970022782,,264.0
05080001,03267600,3291,1759,1.7862910356065123,,24.0
05080001,03267700,3295,1755,1.7862910356065123,,18.2
05080001,03267800,3292,1756,10.944799081201781,,307.0
05080001,03267900,3292,1754,11.227769087637407,10.817185023672138,310.0
05080001,03267950,3302,1760,1.6328872454334447,,30.5
05080001,03267960,3302,1760,1.6328872454334447,,28.7
05080001,03268000,3301,1759,2.340112660318048,,65.3
05080001,03268500,3298,1753,1.5336543797060387,,39.2
05080001,03269000,3294,1751,5.328166505552331,,139.0
05080001,03269500,3288,1749,18.51404214176416,17.149609564944004,490.0
05080001,03269817,3276,1739,22.55727755547419,,582.0
05080001,03270000,3274,1732,23.907879303104504,22.624682320170407,635.0
05080001,394653084072100,3271,1731,24.323839999832632,,
05120101,03322485,3222,1805,9.437480332384316,3.0731279293207985,113.0
05120101,03322500,3203,1806,18.400441554025257,,262.0
05120101,03322900,3183,1811,27.204319572340324,14.687892298317754,453.0
05120101,03322985,3173,1819,31.047986398272393,17.43047789502071,508.0
05120101,03323000,3170,1820,32.43698077677692,21.14220403017886,532.0
05120101,03323500,3142,1828,41.00247187258536,17.491908504973512,721.0
05120101,03323587,3159,1849,1.3458327186930394,0.5996001380385501,14.4
05120101,03324000,3148,1834,7.320754888413306,8.390360468228772,263.0
05120101,03324095,3133,1829,53.31644183736666,,1098.0
05120101,03324112,3130,1825,54.02712917739749,,1130.0
05120101,03325000,3117,1818,81.89001105524441,57.038329731515326,1768.0
05120101,03327500,3098,1811,125.9658897598768,87.74455478512014,2686.0
05120101,03327503,3095,1817,39.85640361216497,,2.0
05120101,03327507,3090,1811,127.46513616725007,0.35472636548571124,11.1
05120101,03327520,3096,1802,6.962497547609984,4.63968107440621,159.0
05120101,03327528,3085,1808,8.165563059619178,,189.3
05120101,402913084285400,3232,1802,1.0333662270960875,0.5480711530469696,16.4
05120101,402958084363300,3220,1803,2.4647713737668893,0.43227170922146546,11.4
05130101,03400800,3399,1420,3.610048547256486,3.249945323620999,55.8
05130101,03400986,3390,1428,7.135222071257444,6.8094676485816725,119.0
05130101,03400990,3391,1429,16.48257333079084,14.144307220929214,222.0
05130101,03401000,3388,1429,23.830750769653594,21.267867562142968,374.0
05130101,03401450,3359,1398,2.5777616439476323,93.13243178569769,15.5
05130101,03402000,3362,1405,4.950500901569581,3.569852755915526,60.6
05130101,03402500,3362,1412,49.479513649370595,,676.0
05130101,03402900,3360,1414,49.479513649370595,39.44108737716289,770.0
05130101,03403000,3353,1418,59.53920007253324,51.075434947723146,809.0
05130101,03403500,3339,1423,62.69868899224655,51.11930918391546,960.0
05130101,03403718,3328,1375,0.07049404652263427,,1.07
05130101,03403910,3327,1394,22.514191331546872,16.311374441228264,331.0
05130101,03404000,3321,1405,108.90926108591977,79.96795427829815,1607.0
05130101,03404500,3303,1415,133.0083864750304,110.22485531159127,1977.0
05130101,03404820,3319,1430,9.152910826669814,7.6931598036766085,140.0
05130101,03404900,3324,1426,2.6268456548623518,2.6876075080602324,53.8
05130101,03405000,3319,1430,9.152910826669814,,201.0
05130101,03406000,3318,1450,0.3744682962597041,,3.89
05130101,03407100,3293,1415,0.02660139596410859,,0.67
05130101,03410590,3287,1396,3.225825874012632,3.323502731315044,59.8
05130101,03410600,3288,1399,80.3270914001818,61.08818374448436,1083.0
05130105,03414500,3252,1358,14.736195285983364,11.93763834964783,202.0
05130105,03415000,3239,1355,11.974850329831682,5.065894828467867,115.0
05130105,03415500,3238,1370,36.64895284423537,,445.0
05130105,03416000,3244,1374,9.114561816972703,5.217899073882642,106.0
05130105,03417000,3213,1367,75.480001589029,50.02319869528736,936.0
06010102,03471500,3537,1446,5.83478518728179,3.212245038554715,76.6
06010102,03472500,3526,1433,4.443795427709274,,55.6
06010102,03472515,3515,1414,0.12109103128783077,0.02788859798613333,
06010102,03473000,3521,1431,13.82440830239711,14.13629470250324,303.0
06010102,03473500,3559,1463,0.23459904550190203,,7.4
06010102,03474000,3537,1452,8.017715995263165,4.627273841381417,132.0
06010102,03474500,3532,1448,8.968991332866802,,153.0
06010102,03475000,3522,1438,22.07308761172508,7.398342198940179,206.0
06010102,03476500,3502,1413,48.664350036141535,,703.0
06010102,03477000,3488,1406,54.79889696793099,,813.0
06010102,03477500,3498,1426,0.6606626368109474,,13.7
06010102,03478400,3493,1420,2.8499600028943126,0.976358383153264,26.9
06010102,03478500,3493,1419,2.9494702776458666,,44.8
06010102,03487499,3462,1407,142.1957835825421,,
06010102,03487500,3464,1405,139.12717760399772,,1935.0
06010102,03487501,3462,1406,142.12175581966278,,
06010102,03487550,3468,1409,2.9886051539272542,,36.3
06010104,03490350,3447,1403,191.7696968544675,118.06251119898354,2819.0
06010104,03490500,3438,1396,194.13819617035978,,2870.0
06010104,03491000,3430,1390,2.208350605680014,1.6733369704580459,47.3
06010104,03491300,3436,1388,2.3432792614641937,,47.0
06010104,03491500,3427,1383,201.4434727843507,,3035.0
06010104,03491544,3421,1383,203.71039978014838,0.14650457053986926,4.67
06010104,03492006,3408,1363,215.08878302734246,,5.09
06010104,03493000,3393,1348,222.4604375152158,,38.8
06010104,03494000,3388,1354,222.10619769928218,,3429.0
06010104,03495005,3372,1340,3.8424194726627197,3.259799949805677,67.2
06010104,03495405,3369,1343,3.8424194726627197,0.46743200193928036,12.44
06010104,03495500,3362,1333,242.77096721356813,142.78421239052608,3747.0
06020001,03543500,3288,1273,10.865793403322206,6.045821535143188,117.0
06020001,03544000,3285,1269,1217.346704165609,,17460.0
06020001,03544500,3267,1261,4.709481505727941,,50.2
06020001,03566420,3270,1213,0.19571912021391658,1.014320336020283,18.8
06020001,03566525,3252,1230,4.978092567099955,3.4139033525881226,60.55
06020001,03566535,3254,1226,5.2330423936153005,5.336507592219606,74.0
06020001,03566700,3267,1197,10.953306093260352,8.8137883128734,169.0
06020001,03567000,3261,1204,15.073235781700859,,249.0
06020001,03567129,3243,1172,4.1465060815271135,,5.62
06020001,03567340,3258,1199,12.68155408708982,8.088144675889387,148.0
06020001,03567500,3259,1206,33.87152445159237,23.434606081410372,428.0
06020001,03567595,3257,1209,34.55328712420591,,
06020001,03568000,3251,1213,1556.8564779175665,998.377463954037,21400.0
06020001,03568400,3248,1198,4.172105565907877,2.7893240961568124,48.7
06020001,03568782,3236,1172,8.80121972260295,,4.28
06020001,03568933,3237,1190,14.240557762301664,7.136875338373854,146.0
06020001,03569190,3244,1212,1588.1332307276753,0.4765851134085122,5.07
06020002,03544947,3393,1206,0.32971634121574117,0.16880582516181805,1.67
06020002,03544970,3392,1211,3.5459857586239525,3.345071794346398,39.5
06020002,03545000,3392,1215,4.0758427434723234,,45.5
06020002,03545500,3392,1215,4.0758427434723234,,32.4
06020002,03546000,3390,1227,3.800083227170382,,37.6
06020002,03547000,3383,1227,16.037206006860604,,190.0
06020002,03548000,3377,1230,22.11748638070681,,252.0
06020002,03548330,3366,1226,5.436165289297667,2.9862600071706673,83.1
06020002,03548500,3363,1230,27.39635079358209,27.066131540112874,406.0
06020002,03550000,3364,1236,10.452264495294848,7.153418739481065,104.0
06020002,03550500,3374,1205,6.670360802014682,5.100972596445279,74.8
06020002,03551000,3369,1206,7.857479646419852,,21.1
06020002,03551500,3364,1209,11.088140122466566,,27.6
06020002,03552000,3360,1214,11.16250987496975,,16.7
06020002,03552500,3361,1210,16.291764487931413,,191.0
06020002,03553500,3358,1215,17.499999393182943,,215.0
06020002,03554000,3355,1221,22.28191558425697,,272.0
06020002,03555000,3345,1234,84.57777124136267,,968.0
06020002,03556000,3337,1228,94.96176023524173,,26.9
06020002,03556500,3323,1234,97.92180927208534,,1136.0
06020002,03557000,3315,1237,104.68519221618887,,1223.0
06020002,03565000,3304,1233,168.7782857392653,,2001.0
06020002,03565040,3318,1262,2.30612171767509,,14.8
06020002,03565120,3313,1257,7.564002160035829,,37.8
06020002,03565160,3312,1259,7.317363632029512,,32.7
06020002,03565250,3306,1245,11.678281642739945,,114.0
06020002,03565300,3301,1229,3.5665308091659975,,31.8
06020002,03565500,3299,1243,7.297246716297344,2.8300970201023734,57.0
06020002,03566000,3293,1242,197.35316221615852,121.72353263835335,2298.0
06030001,03571850,3215,1199,1679.8245170847563,,22640.0
06030001,03572110,3197,1187,10.928374163778201,9.262278318056186,131.0
06030001,03572153,3196,1179,3.6910077035720965,1.7513817842323405,29.2
06030001,03572690,3202,1143,3.4671307666442552,2.5284263502092097,44.1
06030001,03572900,3199,1127,7.37979721769476,,141.0
06030001,03573000,3186,1116,6.483609736069529,,91.6
06030001,03573182,3187,1117,4.285766261351085,2.346896761585707,50.0
06030001,03573500,3172,1123,1791.552414142235,,24340.0
07010101,05200445,2361,2472,1.8594224495772687,4.282516195795862,358.0
07010101,05200450,2360,2467,0.8470436159614892,,165.0
07010101,05200510,2373,2475,2.0146542581839126,8.930938555411116,610.0
07010101,05207600,2434,2458,26.389623119467696,30.82706701867111,2850.0
07010104,05227500,2451,2374,76.2821174290438,84.38762970722298,6140.0
07010104,05227530,2452,2383,68.67532990984007,22.584527238039982,
07010104,05241500,2435,2374,79.83434836334904,,8.38
07010104,05242300,2417,2358,87.7751342354441,103.20951226583968,7320.0
07010104,05261000,2404,2336,130.3430943958338,158.86494029882442,11000.0
07020001,05289985,2209,2259,0.03352715950732608,0.10996958193767298,12.2
07020001,05290000,2217,2273,1.8815048221319126,2.7904033000370077,436.0
07020001,05291000,2245,2237,0.000178350807177051,3.055291945003991,398.0
07020001,05292000,2248,2239,2.593772092517564,7.600017948823645,1160.0
07020001,05292500,2257,2234,2.6511175084697762,,1340.0
07020001,05292704,2250,2231,0.0,1.9885819576453445,208.0
07020001,05293000,2257,2231,0.00789594660609949,3.687959147273965,459.0
07030005,05338955,2535,2297,2.8799922561353615,1.796797268503912,140.0
07030005,05339000,2526,2297,3.528108291610183,,185.0
07030005,05339500,2517,2290,113.77575536815755,,5400.0
07030005,05340000,2512,2257,4.9276194491784535,,167.0
07030005,05340050,2519,2262,7.751061983134735,,231.0
07030005,05340390,2526,2279,3.901154199875514,2.1778370343304765,158.0
07030005,05340500,2536,2258,135.77395522211458,146.08774093400925,6240.0
07030005,05341375,2549,2269,0.22092082597712043,,12.5
07030005,05341402,2548,2262,0.3042419638258095,,52.8
07030005,05341498,2535,2229,8.7012631606417,,545.0
07030005,05341500,2531,2232,8.915949286366308,11.252062735833482,579.0
07030005,05341550,2526,2221,149.22143708475517,179.82419426138563,7060.0
07030005,05341687,2557,2234,1.0860574236562404,1.2763092280039485,83.4
07030005,05341694,2556,2232,0.35293667795139777,0.4971422401912315,33.3
07030005,053416966,2556,2232,0.35293667795139777,0.17114680298015117,27.8
07030005,053416972,2554,2230,1.8107416906065592,2.3982941647451375,156.3
07030005,05341752,2534,2217,3.6771936258849944,5.082744187792856,292.0
07030005,05342000,2533,2197,2.006586279686255,3.3690681706730516,165.0
07030005,05344490,2528,2187,157.87586381287116,186.76781009719826,7650.0
07070001,05390101,2791,2353,0.6435387472869126,0.7573834123765477,34.4
07070001,05390180,2783,2346,2.434514811201288,,177.0
07070001,05390680,2771,2339,8.223415584058444,0.07586053916475265,4.49
07070001,05390685,2770,2337,10.967513976611446,0.20069192431993263,7.51
07070001,05390701,2771,2334,11.037757032301524,0.40248309435069296,19.0
07070001,05391000,2764,2322,14.459098893306289,17.13700821932179,757.0
07070001,05391226,2787,2297,2.987891339808643,,101.0
07070001,05392000,2769,2293,27.172536507438874,,1220.0
07070001,05392070,2755,2322,0.5426498356851006,0.5007587754793458,29.2
07070001,05392083,2754,2323,0.5426498356851006,,28.0
07070001,05392102,2748,2326,0.8805132350225731,,73.0
07070001,05392187,2736,2329,0.06552532187174497,,
07070001,05392350,2757,2298,0.11392179515217324,,31.1
07070001,05392400,2748,2294,7.459901316217772,,422.0
07070001,05393000,2753,2289,9.192197852758596,,544.0
07070001,05393500,2735,2278,0.9671378004939658,,81.6
07070001,453046089342804,2762,2286,1.1835870807100892,,0.03
07120001,05515000,3052,1893,2.3625717697571926,4.928354233769185,174.0
07120001,05515400,3032,1891,0.05969986953153014,,7.08
07120001,05515500,3036,1873,8.772824238056442,17.023916569521123,542.0
07120001,05516000,3078,1877,2.2114906674199353,,135.0
07120001,05516500,3070,1870,4.549853536582824,8.676925043312462,294.0
07120001,05516665,3058,1862,6.1061278873857,11.08670873652986,377.0
07120001,05517000,3045,1864,7.047864088820383,,435.0
07120001,05517120,3023,1860,0.2743127388724495,,44.5
07120001,05517500,3018,1851,23.34772506963512,,1352.0
07120001,05517530,3013,1854,24.009541681986654,,1376.0
07120001,05517890,3008,1863,0.4087509122042168,,30.3
07120001,05517900,3008,1861,0.5171166316495376,,31.7
07120001,05518000,2989,1843,34.424013557507635,57.06241804617396,1779.0
07120001,05518500,2991,1860,2.4369924812411243,,34.2
07120001,05519000,2980,1847,3.0287306749808214,3.8849699208706108,123.0
07120001,05519500,2974,1848,1.950319229511165,,54.7
07120001,05520000,2975,1841,0.7602445403286011,,220.0
07120001,05520500,2963,1838,45.60337989218975,74.50108842076615,2294.0
07120001,05526500,2927,1846,0.3580178639187654,,12.1
07120001,05527000,2924,1843,95.67901099695905,,4810.0
07120001,05527500,2919,1852,97.95582898787204,,5150.0
08010210,07030392,2900,1163,11.260597174012997,7.766475023274514,210.0
08010210,07030500,2873,1163,36.45173276212338,20.004916556974283,503.0
08010210,07031500,2855,1169,46.3566397070376,,13.6
08010210,07031650,2850,1168,50.93247039259511,28.304994446230214,699.0
08010210,07031660,2844,1170,52.08590395015899,36.71328550501507,709.0
08010210,07031680,2850,1177,0.07243684681707545,,1.45
08010210,07031683,2842,1172,54.214200751809145,,21.4
08010210,07031685,2843,1170,52.662425269396174,,3.18
08010210,07031692,2841,1173,54.214200751809145,1.6452549426390977,30.5
08010210,07031697,2839,1175,55.87257586097839,,0.91
08010210,07031700,2836,1177,56.012126685613154,,771.0
08010210,07031740,2832,1175,57.361841148356476,34.1086344005288,788.0
08010210,07031761,2838,1170,57.11204466640981,,0.47
08010210,07031777,2834,1171,57.7540306772742,,2.96
08020203,07039500,2792,1361,,50.865235328422656,1311.0
08020203,07040100,2807,1311,,63.99978410707808,1770.0
08020203,07040450,2787,1240,,75.3007934868009,2370.0
08020203,07047000,2788,1216,,,4644.0
08020203,07047500,2791,1208,,,5148.0
08020203,07047600,2795,1206,,,290.0
08020203,07047800,2781,1180,,59.267695847237775,
08020203,07047810,2785,1209,,150.42844157796185,4651.0
08020203,07047815,2772,1188,,69.81725723696078,31.4
08020203,07047855,2769,1237,,0.44360511957433313,6.63
08020203,07047882,2771,1189,,13.154414292902114,458.0
08020203,07047902,2775,1173,,,6475.0
08020203,07077652,2762,1241,,0.623726624966329,19.7
08030201,07265500,2933,1115,,,23.9
08030201,07266000,2933,1098,,,22.2
08030201,07267000,2923,1110,,,26.8
08030201,07268000,2908,1104,,25.095927581278904,526.0
08030201,07268500,2902,1099,,,28.5
08030201,07269000,2923,1133,,,19.3
08030201,07270000,2897,1115,,,8.26
08030201,07270500,2890,1105,,,9.96
08030201,07271000,2870,1087,,,10.3
08030201,07271500,2868,1086,,,9.35
08030201,07272500,2858,1090,,,1545.0
08030201,07273000,2850,1088,,,1595.0
08030201,07273100,2850,1086,,1.4266671018414752,35.1
08030201,07273500,2842,1082,,,1750.0
10020001,06006000,1097,2263,0.02165040539232758,1.376532026323385,37.3
10020001,06007000,1096,2264,0.02165040539232758,,6.95
10020001,06008000,1087,2269,0.08396177268814105,1.3178300152173439,17.9
10020001,06010000,1077,2274,0.004833396271476765,,237.0
10020001,06010500,1071,2277,0.0,,264.0
10020001,06010600,1069,2277,0.0,,276.0
10020001,06011000,1064,2277,0.0004827047943233468,,321.0
10020001,06011500,1061,2275,0.0,,431.0
10020001,06012500,1040,2282,0.0,6.062323829859805,566.0
10020001,06013000,1025,2284,0.010839832433348469,,602.0
10020001,06013500,1011,2288,0.08801517281501839,,279.0
10020001,06014000,1017,2300,0.0,,1424.0
10020001,06014500,1012,2316,0.0,,1555.0
10020001,06015000,985,2334,0.3704467486198835,,321.0
10020004,06023500,973,2361,0.0,2.0012160631638825,36.3
10020004,06023800,976,2372,0.0,2.0630512184544916,117.0
10020004,06024000,968,2372,0.0,,18.6
10020004,06024020,977,2379,0.011538384493601858,7.809514185211945,381.0
10020004,06024450,981,2400,0.0,7.834939025274194,586.0
10020004,06024470,981,2404,0.0,2.060415101820878,68.6
10020004,06024500,962,2408,0.23019310593103862,,72.6
10020004,06024510,958,2396,0.0014362497184957396,0.766893143043491,13.5
10020004,06024540,996,2417,0.5160998410657491,20.679303542996134,1275.0
10020004,06024580,1014,2418,1.2745849747812315,34.962254903443444,1604.0
10020004,06024590,1014,2402,0.5264922646617346,,221.0
10020004,06025000,1024,2410,1.965801082505339,,1990.0
10020004,06025250,1036,2397,2.126205721930065,39.571515426285224,2199.0
10020004,06025270,1038,2397,0.0,0.40484489715211963,31.9
10020004,06025480,1025,2381,0.012919005532627502,0.7481496174123976,23.1
10020004,06025500,1035,2379,2.110732129011592,28.86434611443879,2472.0
10020004,06025700,1017,2372,0.0,,
10020004,06025800,1024,2372,0.03927657385456982,0.732485594911097,36.1
10020004,06026000,1024,2364,0.007125976418678082,,35.7
10020004,06026206,1043,2367,2.021719103106086,0.28366488471210666,
10020004,06026210,1044,2367,2.010737938864092,38.42273305496354,2668.0
10020004,06026400,1059,2376,1.8527069684819082,,2790.6
10020004,06026420,1059,2376,1.8527069684819082,40.87228306932783,2790.7
10030101,06053000,1189,2430,0.0,,80.6
10030101,06053500,1142,2425,3.9713879208520915,,
10030101,06054000,1142,2425,3.9713879208520915,,
10030101,06054500,1141,2426,3.968826857078575,131.0689243261585,14641.0
10030101,06055500,1123,2442,0.15487624947327702,1.9297007577015652,77.9
10030101,06057000,1138,2449,3.8605266466163464,,15286.0
10030101,06058000,1129,2482,3.5081364954220957,,15894.0
10030101,06058502,1129,2482,3.5073357230674977,,15904.0
10030101,06058900,1105,2455,0.03806096163673615,0.4347413887217934,14.1
10030101,06059000,1104,2461,0.07308376088272943,,9.78
10030101,06059500,1109,2466,0.009198255173758963,,20.6
10030101,06060000,1107,2468,0.009198255173758963,,33.1
10030101,06060500,1101,2472,0.0,,33.0
10030101,06061000,1106,2469,0.009198255173758963,,43.0
10030101,06061500,1110,2473,0.12362118590506325,1.2388837248738493,192.0
10030101,06061900,1116,2470,0.12468617461056569,1.0041092243161045,33.3
10030101,06062000,1113,2479,0.11069640441900258,,251.0
10030101,06062500,1092,2478,0.019377931135038464,0.48100913576365306,33.0
10030101,06062750,1091,2482,0.03520058206069101,0.4356973461944843,53.4
10030101,06062990,1101,2482,0.05505091502542204,0.7901372696929746,
10030101,06063000,1102,2484,0.04205219869157565,0.9367914993976372,98.7
10030101,06063500,1096,2492,0.012975471484387647,,31.9
10030101,06063600,1100,2489,0.0,0.20583515787724804,
10030101,06064100,1105,2486,0.013520653813596241,1.216514496906163,163.0
10030101,06064150,1110,2487,0.0,1.0111077914162945,190.0
10030101,06065500,1119,2498,3.3788789400506074,141.74449961858207,16669.0
10030101,06067000,1080,2508,0.05320449181793256,,20.1
10030101,06067500,1083,2505,0.05320449181793256,,9.52
10030101,06068000,1083,2505,0.05320449181793256,,13.1
10030101,06068500,1082,2507,0.06067742912957946,,44.6
10030101,06069000,1079,2510,0.06067742912957946,,6.07
10030101,06070000,1092,2511,0.003920557862760038,,73.8
10030101,06070500,1092,2511,0.00036094718996487524,,16.5
10030101,06071000,1094,2508,0.11596379560416509,,182.0
10030101,06071100,1104,2515,0.09780600831059924,,271.0
10030101,06071300,1110,2526,0.04681143013843624,2.242065429838234,391.0
10030101,06071500,1120,2531,3.3837873968138696,,17739.0
10180001,06611000,1429,1763,0.4728378623068884,,25.8
10180001,06611100,1435,1768,0.4680682318271496,,118.0
10180001,06611200,1445,1772,0.0,,56.3
10180001,06611300,1442,1773,0.39213163588866623,,223.0
10180001,06611500,1440,1783,0.32814420056808385,,258.0
10180001,06611700,1425,1775,0.6161902608342381,,10.1
10180001,06611800,1429,1779,0.06717366958624126,,35.4
10180001,06611900,1435,1776,0.5822937279830708,,52.2
10180001,06612000,1440,1781,0.5620272163312178,,98.6
10180001,06612500,1437,1787,0.835742241614728,,79.1
10180001,06613000,1441,1790,1.6411049039218497,,469.0
10180001,06613950,1442,1790,0.0,0.4129506417468343,12.6
10180001,06614000,1441,1793,0.0,,160.0
10180001,06614800,1482,1765,0.039780688305718355,0.08599449251679023,1.54
10180001,06615000,1471,1760,0.04848261600421098,,11.7
10180001,06615500,1469,1770,0.21946141405423078,,60.9
10180001,06616000,1470,1768,0.22374024778418455,,20.5
10180001,06617100,1451,1792,0.0,,182.0
10180001,06617500,1457,1762,0.2688822846727735,,70.6
10180001,06618000,1454,1763,0.05084705320047472,,55.9
10180001,06618300,1453,1773,0.2304523523992862,0.4507070523585214,181.0
10180001,06618480,1452,1789,0.0,0.44132864887484086,257.0
10180001,06618500,1451,1790,0.0367533593352632,,259.0
10180001,06619000,1448,1806,0.0,,478.0
10180001,06619400,1469,1785,0.0,,44.0
10180001,06619415,1464,1792,0.0,,4.1
10180001,06619420,1463,1793,0.0,,3.95
10180001,06619450,1455,1800,0.0,,158.0
10180001,06619500,1450,1804,0.0,,181.0
10180001,06620000,1450,1813,1.4807476028918678,11.591300218345348,1431.0
10190001,06693800,1453,1632,0.9612215874653947,0.46176363159816997,16.2
10190001,06693980,1454,1629,1.0385639603732333,,62.2
10190001,06694100,1475,1603,0.8243032219147748,,250.0
10190001,06694400,1450,1612,0.06831931027889189,,50.3
10190001,06694700,1455,1627,1.1699173605178197,,12.0
10190001,06695000,1488,1596,1.0974834803698572,3.165710073622696,884.0
10190001,06696000,1497,1588,1.0652664662129554,3.294905359758988,963.0
10190001,06696200,1507,1595,0.9494458356315806,,1084.0
10190001,06696980,1465,1639,0.09347495670183656,0.7892298720377434,23.9
10190001,06697200,1470,1648,0.052125738303260755,0.18963312478375868,4.63
10190001,06697450,1469,1642,0.1137295452202775,,23.1
10190001,06698000,1474,1643,0.00846038239031603,,11.8
10190001,06698500,1480,1633,0.372914535484539,,182.0
10190001,06699000,1483,1632,0.06055335690180451,0.24638751272372456,45.5
10190001,06699005,1482,1631,0.4504121004199381,1.411547774632761,230.0
10190001,06699500,1503,1607,0.5145423668727537,,429.0
10250001,06821360,1759,1657,0.7890775230008852,0.05055990438536533,1117.0
10250001,06821500,1796,1684,1.2452871453024745,0.10370318212708791,1686.0
10250001,06845200,1969,1678,0.27366989004773484,0.08166119029359159,1500.0
10250002,06822000,1772,1691,1.4174336667819012,,1019.0
10250002,06823000,1790,1690,1.6567580457928104,0.9019860740473666,2370.0
10250002,06823500,1806,1685,0.6120819456025355,0.08963952735938296,172.0
10250002,06824000,1818,1685,0.06486452318528857,0.27157788983968656,23.6
10250002,06824500,1833,1683,6.474658684841224,1.5665719372365017,4880.0
10250003,06825000,1771,1642,1.5068421903155693,,1412.0
10250003,06825500,1770,1638,0.1252936178905853,,268.0
10250003,06826500,1780,1642,1.7255377818595432,,1825.0
10250003,06827000,1791,1647,2.0469369971169216,0.2528442225105104,1860.0
10250003,06827500,1834,1681,2.5547063003821338,0.2678204094376142,2740.0
10250005,06830500,1814,1736,0.38693081469406654,,910.0
10250005,06831000,1821,1731,0.3905854929354976,,721.0
10250005,06831500,1828,1727,0.4609879838250744,0.6271617797561685,1050.0
10250005,06832500,1838,1726,0.5696879323464717,0.5743173975089179,1140.0
10250005,06833500,1862,1718,0.7841280949309669,,1270.0
10250005,06834000,1869,1716,0.7744226664769368,0.840562990844089,1300.0
10250005,06835500,1889,1702,1.5528229178544657,1.086189319069999,2990.0
10260004,06859500,1881,1545,1.9472799201679394,,1432.0
11020001,07079300,1431,1636,0.9086205945427518,1.2458969150628036,49.9
11020001,07079500,1429,1635,0.9186044187280155,,50.0
11020001,07080980,1426,1639,0.3975449021153941,0.09660889458085382,1.84
11020001,07081000,1429,1635,0.9186044187280155,,48.0
11020001,07081200,1428,1634,1.3412423147206354,2.1337673351478723,99.1
11020001,07081800,1427,1631,1.44952718104811,0.043348266840107626,
11020001,07083000,1426,1628,0.7724201707156336,0.8336295113289102,23.5
11020001,07083200,1426,1628,0.7724201707156336,0.822384319609648,24.6
11020001,07083500,1425,1629,0.7724201707156336,,25.2
11020001,07083700,1429,1624,2.8012655296154967,,228.0
11020001,07083710,1429,1623,2.8367737902969266,7.362312263423162,238.0
11020001,07084500,1421,1614,1.1842298847819062,4.661410272762808,75.0
11020001,07086000,1432,1611,4.876772508252712,10.687850981667273,427.0
11020001,07086500,1431,1608,1.1853524028377744,2.06054053310055,67.1
11020001,07087050,1435,1603,6.43846681097178,20.334971102410474,546.0
11020001,07087200,1441,1588,6.651193067702802,14.03629654534737,611.0
11020001,07089000,1433,1585,0.8599808007425221,,65.0
11020001,07090000,1423,1576,0.7981318639557666,,42.5
11020001,07090500,1431,1575,1.16068567664401,,68.4
11020001,07091000,1437,1576,1.160888724310389,,82.7
11020001,07091200,1445,1567,8.741298206031601,23.93310208687982,1055.0
11020001,07091500,1446,1555,8.75221630212524,,1218.0
11020001,07092000,1441,1552,0.7148115461616095,,140.0
11020001,07093000,1440,1552,0.15495243778391002,,56.0
11020001,07093500,1449,1551,0.6377632831591254,,208.0
11020001,07093700,1453,1549,9.484093090504771,18.839393341321028,1485.0
11020001,07093740,1464,1564,0.00629406404450404,0.03200822256500028,106.0
11020001,07093775,1459,1545,0.0,0.207757609409396,211.0
11020001,07094500,1499,1543,9.444604496798119,27.921445165166553,2459.0
11020001,07094600,1486,1495,0.22584170180035645,,6.03
11020001,07094900,1477,1504,0.029204652298400805,,3.19
11020001,07095000,1488,1511,0.8261745759814406,1.326638864008395,320.0
11020001,09061500,1441,1646,0.06044512491850435,,
11020002,07096000,1508,1536,10.077333843310193,19.613205443220213,3117.0
11020002,07096250,1514,1560,0.008937269806930657,0.5031882869810508,271.0
11020002,07096500,1515,1536,0.0,0.9039780421001639,434.0
11020002,07097000,1529,1529,10.013904984256476,20.305210688868765,4024.0
11020002,07099050,1531,1548,0.0,1.064440596469561,122.0
11020002,07099060,1532,1540,0.0,0.47655977996475146,138.0
11020002,07099080,1537,1537,0.00016412476693920865,0.015458610520942292,26.6
11020002,07099085,1535,1535,0.002683800884993543,0.007554246597837758,34.0
11020002,07099100,1534,1527,0.0,,214.0
11020002,07099200,1535,1523,9.999443540093951,,4280.0
11020002,07099215,1542,1553,0.0014622593747625147,0.058692480891054305,13.0
11020002,07099220,1548,1553,0.0022050957000523267,,9.59
11020002,07099230,1546,1536,0.0,0.06305669225529131,62.3
11020002,07099235,1545,1532,0.0,0.015974759343754766,72.5
11020002,07099238,1546,1533,0.0,0.0003163505761720501,71.5
11020002,07099400,1552,1514,9.871606938669917,17.336444092301914,4670.0
11020002,07099500,1558,1513,9.849876417554881,,4686.0
11020002,07099970,1563,1510,9.816024486948844,16.231596884515447,4720.0
11020002,07099973,1563,1511,0.7901043120421343,1.0780600510613998,
11020002,07107000,1520,1486,0.04434183319515651,,16.0
11020002,07107500,1545,1491,0.17477669379453495,,172.0
11020002,07107900,1531,1480,0.028685184660443865,0.1237459126137337,9.56
11020002,07108050,1542,1480,0.05822657618742568,,29.6
11020002,07108100,1533,1476,0.008261110343255688,0.040946160172032,4.32
11020002,07108500,1568,1507,0.14059785072380387,,467.0
11020002,07108800,1571,1507,0.1309709726844935,,473.0
11020002,07108900,1573,1508,0.12193608051012739,1.0602356124363566,474.0
11020002,07109000,1572,1509,0.12193608051012739,,475.0
11020002,07109500,1580,1509,10.74661677558099,24.551483371138318,6254.0
11020002,07110000,1580,1511,0.05757873459346523,,45.0
11020002,382628104493700,1546,1533,0.0,3.584776903938744e-05,
11020002,382629104493000,1546,1533,0.0,0.0006733984141054824,
11020002,383619104520401,1544,1551,0.0,0.013503691625725067,
11020002,383637104531301,1543,1552,0.0014622593747625147,0.00038121347898755804,
11030001,07137000,1777,1471,14.614110656664842,0.27816609629795913,
11030001,07137010,1786,1469,14.59350077427914,0.09221202478729372,
11030001,07137500,1781,1469,14.611500535533715,5.6571827192959825,25410.0
11030001,07138000,1802,1461,14.574583306817914,5.367788707947411,25763.0
11030001,07138020,1819,1456,14.438076240371835,3.596470166754897,26028.0
11030001,07138050,1828,1452,14.631994459045819,2.076393889123833,
11030001,07138062,1827,1453,14.572759230967057,,26099.0
11030001,07138063,1835,1448,14.804633260236256,0.7918462405050198,
11030001,07138064,1856,1458,14.873321999856335,0.06397647791824178,
11030001,07138065,1845,1454,14.860814503025857,,26941.0
11030001,07138070,1856,1459,14.860133058281914,2.282692854754043,26964.0
11030001,07138075,1861,1461,14.853441109144041,0.632038465215238,
11030001,07139000,1877,1456,14.922170759137952,1.8159573302995453,27071.0
11040002,07155000,1721,1352,0.015373683664545694,,1955.0
11040002,07155500,1729,1352,0.019933796049183643,,2214.0
11040002,07155590,1783,1371,0.7332355262465495,,2899.0
11120101,07295500,1744,1125,,0.03126519611987613,1660.0
11120101,07296100,1752,1133,,,2075.0
13010001,08213500,1331,1479,,5.88075032028245,163.0
13010001,08214500,1338,1496,,0.835214344525047,51.7
13010001,08216500,1361,1490,,,35.3
13010001,08217000,1364,1486,,,705.0
13010001,08217500,1368,1479,,17.164787687546784,780.0
13010001,08218000,1366,1471,,,53.6
13010001,08218500,1368,1478,,1.7541597435294745,90.0
13010001,08219500,1382,1466,,5.475864879720321,216.0
13010001,08220000,1399,1467,,23.146790492991013,1320.0
14010001,09010000,1486,1760,,,
14010001,09010100,1484,1759,,,0.08
14010001,09010400,1480,1750,,,0.08
14010001,09010500,1482,1744,,1.9383995093501403,63.8
14010001,09010501,1481,1744,,,53.4
14010001,09010600,1483,1744,,,8.84
14010001,09011000,1480,1733,,,102.0
14010001,09011500,1482,1736,,,1.65
14010001,09012400,1484,1738,,,16.0
14010001,09012410,1484,1738,,,
14010001,09012420,1484,1738,,,
14010001,09012500,1484,1736,,2.333282988650496,45.8
14010001,09013500,1485,1734,,,27.2
14010001,09014000,1483,1735,,,76.3
14010001,09014050,1483,1736,,8.599866817220343,76.4
14010001,09015000,1482,1731,,4.072854269613727,190.0
14010001,09015500,1483,1729,,,7.38
14010001,09016000,1486,1723,,,5.95
14010001,09016500,1488,1721,,2.1580362526289854,46.9
14010001,09017000,1486,1723,,,56.9
14010001,09018000,1477,1730,,,17.5
14010001,09019000,1479,1725,,1.7396555568552192,312.0
14010001,09019500,1476,1723,,3.4196121838452034,323.0
14010001,09020000,1467,1730,,,109.0
14010001,09020500,1469,1727,,,127.0
14010001,09021000,1473,1726,,0.439415692714352,134.0
14010001,09021500,1482,1687,,,
14010001,09022000,1484,1692,,0.3879757130313508,10.5
14010001,09022100,1484,1696,,,
14010001,09023500,1484,1696,,,22.4
14010001,09024000,1483,1698,,0.5794207518703781,27.6
14010001,09025000,1483,1700,,0.5256517714827914,27.9
14010001,09025300,1478,1697,,0.03728043567495116,1.67
14010001,09025400,1479,1700,,0.0930745454189462,7.15
14010001,09026500,1475,1700,,0.664922174097738,32.9
14010001,09027100,1480,1708,,2.3584270335457433,115.0
14010001,09031600,1479,1695,,,
14010001,09031700,1480,1697,,,
14010001,09031900,1485,1697,,,
14010001,09032000,1485,1703,,0.3862381952526949,20.0
14010001,09032001,1485,1703,,,19.9
14010001,09032050,1487,1706,,0.00835740264,0.66
14010001,09032100,1487,1707,,0.1649729093317557,4.86
14010001,09032200,1487,1708,,0.0743869161575268,2.08
14010001,09032300,1486,1710,,0.0260161028064,1.71
14010001,09032400,1484,1712,,0.024953209743250288,1.08
14010001,09032500,1480,1709,,,51.3
14010001,09032990,1487,1714,,0.5531532130557721,7.25
14010001,09033000,1485,1714,,,8.03
14010001,09033010,1485,1714,,0.261073077953019,
14010001,09033100,1480,1709,,1.2345088267787312,66.0
14010001,09033300,1478,1710,,5.094430989508626,224.0
14010001,09033500,1481,1718,,,11.6
14010001,09034000,1471,1719,,,297.0
14010001,09034250,1467,1722,,7.30574151044956,788.0
14010001,09034500,1460,1721,,5.136999499522511,825.0
14010001,09034800,1460,1707,,,6.52
14010001,09034900,1471,1684,,0.29289620854298215,5.6
14010001,09035500,1469,1686,,0.5783102001392916,16.4
14010001,09035700,1461,1689,,1.181539767995413,35.2
14010001,09035800,1461,1690,,0.2501764872760196,8.78
14010001,09035820,1467,1679,,,2.78
14010001,09035830,1465,1679,,,4.01
14010001,09035840,1464,1679,,,5.53
14010001,09035845,1463,1679,,,0.6
14010001,09035850,1463,1679,,,6.53
14010001,09035870,1460,1684,,,20.0
14010001,09035880,1460,1685,,,21.7
14010001,09035900,1461,1689,,0.9690641273948705,27.4
14010001,09036000,1459,1693,,2.9359770756999066,89.5
14010001,09036500,1463,1701,,,13.8
14010001,09037000,1457,1702,,,141.0
14010001,09037200,1451,1702,,,2.42
14010001,09037500,1451,1712,,3.4497637602467672,184.0
14010001,09038500,1449,1717,,3.9500253967611814,230.0
14010001,09039000,1443,1737,,0.7092801252244664,44.6
14010001,09039500,1443,1736,,,48.8
14010001,09040000,1445,1730,,,76.0
14010001,09040500,1442,1720,,,168.0
14010001,09041000,1430,1747,,1.931083573169132,87.4
14010001,09041090,1434,1736,,1.8928275625913606,145.0
14010001,09041100,1438,1740,,,11.5
14010001,09041200,1422,1733,,,19.0
14010001,09041300,1427,1730,,,17.8
14010001,09041400,1433,1726,,2.3167947911411555,270.0
14010001,09041500,1434,1721,,1.8572856365181951,290.0
14010001,09058000,1430,1719,,29.077183772368038,2379.0
14010001,09058030,1422,1712,,19.07175921620677,2412.0
14010001,09058500,1427,1684,,0.824314229737328,13.0
14010001,09058600,1425,1683,,,3.41
14010001,09058610,1425,1683,,0.09128045380493358,3.41
14010001,09058700,1425,1683,,0.037706672964975506,2.94
14010001,09058800,1427,1686,,0.11969219810970474,3.61
14010001,09059500,1416,1694,,2.237329348652723,84.7
14010001,09060500,1413,1721,,,47.6
14010001,09060550,1407,1715,,0.9071376198137096,72.6
14010001,09060700,1395,1724,,,28.2
14010001,09060770,1405,1709,,1.5370564437289072,198.0
14010001,09060799,1396,1707,,40.970477264042884,2930.0
14010001,09060800,1399,1703,,,14.2
14010001,09060900,1397,1702,,,5.31
14010001,09060950,1397,1704,,,34.2
14010001,09061000,1388,1716,,,9.04
14010001,09070500,1373,1683,,56.66958220915498,4390.0
14010001,09071100,1359,1677,,,
14010001,09071295,1354,1694,,,6.07
14010001,09071300,1354,1693,,0.34330728824789614,5.73
14010001,09072500,1351,1676,,,4558.0
14010001,400016105490800,1481,1710,,0.11913666624534182,13.9
14010001,401530105475401,1485,1737,,,28.4
14020001,09107000,1405,1593,2.0027307389396345,,128.0
14020001,09107500,1406,1592,0.8779019823935005,,40.4
14020001,09108000,1406,1589,0.45350176820438803,,
14020001,09108250,1405,1589,0.496394043885218,,63.0
14020001,09109000,1401,1590,3.58880393203721,5.43194286662509,254.0
14020001,09110000,1379,1576,5.182701105418345,,476.0
14020001,09110500,1376,1598,3.061578906720695,,90.3
14020001,09110990,1363,1601,0.10707194438684928,,8.65
14020001,09111000,1365,1603,0.48453250894892835,,8.65
14020001,09111250,1370,1599,1.2411185134949287,,20.4
14020001,09111500,1370,1599,1.3231369717579742,,68.9
14020001,09112000,1384,1589,3.1046092035295385,,32.9
14020001,09112200,1378,1589,5.421746604265115,8.780479994368449,239.0
14020001,09112500,1380,1575,5.593762430399368,8.852359240374133,289.0
14020001,384301106505401,1379,1580,5.577575645454479,,
14020001,384609106520001,1378,1587,5.455807561961793,,
14020001,384611106520501,1378,1587,5.455807561961793,,
14020001,384658106521901,1378,1589,5.421746604265115,,
14020001,385106106571000,1371,1597,1.3704151455877112,3.7846265830665393,73.4
14050001,09236000,1379,1730,1.3024750972001926,,22.1
14050001,09236500,1385,1728,1.3811082174484604,,41.6
14050001,09237450,1396,1748,2.5945356600343312,,206.0
14050001,09237500,1402,1749,2.7621092323707526,,228.0
14050001,09237800,1402,1749,1.321031371163623,,38.2
14050001,09238000,1386,1747,0.049799618019739623,,14.0
14050001,09238300,1418,1758,0.022367257628591545,,0.71
14050001,09238350,1415,1761,0.1406821962680714,,6.45
14050001,09238500,1403,1759,5.881334344156232,,42.4
14050001,09238700,1416,1769,0.013465726734282563,,0.43
14050001,09238705,1416,1768,0.03382899442817896,0.04927104312873975,0.71
14050001,09238710,1416,1767,0.10769222944060394,0.04684562018661278,1.03
14050001,09238750,1415,1772,0.05539345896709879,0.11862639682527053,1.39
14050001,09238770,1415,1769,0.1596121992554372,0.18049087832992336,2.82
14050001,09238800,1416,1770,0.2298060922272367,0.18950692777018344,4.79
14050001,09238900,1407,1765,8.169237164032646,1.8208887826586209,25.6
14050001,09239400,1405,1769,8.995514959031379,,6.96
14050001,09239500,1404,1770,10.207645461501615,12.341970595329483,567.0
14050001,09240020,1403,1771,10.207645461501615,31.47298731349858,597.0
14050001,09240500,1409,1800,3.917556371073176,,61.0
14050001,09240800,1411,1802,2.5970363673750816,,33.7
14050001,09240900,1404,1799,5.584089800156227,8.272041090872222,122.0
14050001,09241000,1400,1796,6.518068381627156,12.001204830883847,216.0
14050001,09242500,1394,1775,10.641045659709308,16.142672215580653,448.0
14050001,09243700,1391,1763,0.18069311018272563,0.11128896685558338,23.5
14050001,09243800,1385,1756,0.09778445223853768,0.0553940225643162,8.61
14050001,09243900,1389,1760,0.20204736911498938,0.08771773595240191,17.5
14050001,09244100,1380,1761,0.09778445223853768,,34.5
14050001,09244300,1380,1770,21.98586893493897,,25.8
14050001,09244400,1377,1775,22.12668748565697,,1430.0
14050001,09244405,1377,1774,21.987591243308035,,
14050001,09244410,1377,1774,22.010729310917668,,1430.0
14050001,09244415,1374,1763,0.0015367955733873563,,4.17
14050001,09244460,1363,1766,0.006296846013571935,,2.65
14050001,09244464,1367,1765,0.021882075122432978,,8.08
14050001,09244470,1370,1772,0.03594543423004431,,13.6
14050001,09244490,1358,1780,22.26558123511794,33.7805588267901,1575.0
14050001,09244500,1379,1801,0.6311203554091985,,45.4
14050001,09245000,1370,1796,0.8199488189178369,1.4279196657038677,64.2
14050001,09245500,1370,1797,0.8201433378482929,,21.0
14050001,09246200,1366,1788,1.0676365770035374,3.02121484332949,171.0
14050001,09246400,1359,1783,1.348552446290012,3.0055680990845377,212.0
14050001,09246500,1355,1783,1.3386638065090262,2.965160990487273,222.0
14050001,09246900,1351,1806,0.16557700482539042,,34.3
14050001,09246920,1351,1805,0.16306919187675137,0.2361544514452186,40.0
14050001,09247000,1347,1780,0.6527734753012552,,258.0
14050001,09247500,1345,1780,23.54959863921546,,1730.0
14050001,09247600,1340,1778,24.159822072563156,35.79379071803155,2128.0
14050001,09248500,1365,1747,2.0799897732665915,,96.0
14050001,09248600,1363,1752,2.1954030597657246,,108.0
14050001,09249000,1362,1757,2.2568791398254544,,150.0
14050001,09249200,1349,1748,0.509048374859019,,46.7
14050001,09249450,1346,1758,0.0,,
14050001,09249455,1345,1758,0.02253276867996582,,
14050001,09249500,1338,1769,3.326388199075411,,341.0
14050001,09249700,1339,1750,0.09340319801659813,,13.7
14050001,09249750,1335,1773,3.4055309577434794,5.894821585474238,419.0
16010101,10010400,1092,1858,0.49053199399320213,,34.6
16010101,10010500,1087,1865,0.5019941608509018,,
16010101,10011200,1079,1857,0.009373801986768555,,6.79
16010101,10011400,1085,1868,0.18364226365763517,,52.2
16010101,10011500,1087,1870,1.5338925384438746,5.3374674048997,172.0
16010101,10012000,1088,1873,0.19573056174894066,,59.0
16010101,10012500,1085,1876,0.19573056174894066,,55.6
16010101,10014000,1088,1892,1.6816292941712132,,279.0
16010101,10015700,1096,1887,0.034112931237060086,0.42784153652768564,62.6
16010101,10015900,1091,1890,0.06397594674241472,0.39744516563187327,67.8
16010101,10016000,1088,1893,0.06397594674241472,,80.9
16010101,10016900,1084,1904,1.6967547105192706,6.8836993984989565,441.0
16010101,10017000,1075,1893,0.0,,79.2
16010101,10019500,1080,1921,1.599438798728839,,0.01
16010101,10020100,1082,1922,1.5915505116487616,5.294796473018866,755.0
16010101,10020300,1084,1930,1.5168043554760913,5.339020657718786,784.0
16010101,10020500,1082,1932,1.4970333004006158,,846.0
16010101,10020900,1059,1930,0.3549711995550681,,50.0
16010101,10021000,1064,1931,0.3959184212662992,,56.8
16010101,10023000,1067,1944,0.25194137713258313,0.3566669772241375,52.4
16010101,10026500,1085,1962,1.907170200231789,4.543469613888267,1616.0
16010101,10027000,1093,1961,0.0,,255.0
16010101,410000110450099,1096,1873,0.0,,
17040201,13038000,1070,2166,52.766049886975274,44.78288176877469,
17040201,13038380,1050,2177,78.24476050298449,,
17040201,13038500,1058,2176,52.51633850644578,113.66671696911814,5810.0
17040201,13052500,1107,2169,0.03411446453205102,,11.7
17040201,13057000,1052,2181,78.38122329042567,170.83528897949827,
17040201,13057090,1048,2179,78.24476050298449,,
17040201,13057132,1043,2166,77.95395877448016,2.131650138044052,
17040201,13057150,1043,2169,77.98832097546011,,9100.0
17040201,13057155,1043,2167,77.96610418826512,173.9749891497212,9533.0
17040201,13057160,1043,2165,77.94185362919121,,9536.0
17040201,13058500,1054,2162,0.0,,
17040201,13058520,1054,2162,0.0,2.098937732248888,
17040201,13058529,1044,2162,77.91836778827212,2.0580002865431064,
17040201,13059500,1059,2152,0.0,,
17040202,13039500,1116,2261,1.0543716701757253,1.392734909266814,94.6
17040202,13040000,1118,2253,2.837122690750977,,168.9
17040202,13040500,1123,2250,1.24985554254855,5.8720382703177965,
17040202,13041000,1107,2254,3.756181196125849,,261.0
17040202,13041010,1108,2253,3.756181196125849,11.941140182999254,260.0
17040202,13041500,1094,2246,0.5875680191830684,,127.0
17040202,13042500,1108,2245,4.4515692459154605,17.14432713047891,501.0
17040202,13043000,1113,2244,3.9302818355428233,,36.7
17040202,13043500,1109,2242,1.5616866532884506,,523.0
17040202,13044000,1109,2210,9.236648377534085,,656.0
17040202,13044500,1112,2212,1.7939473983406697,,178.0
17040202,13045000,1120,2207,8.710083448014721,,4.7
17040202,13045500,1109,2211,0.6348381219901624,,129.0
17040202,13049000,1103,2208,9.293791149836537,,
17040202,13055500,1097,2218,0.0,,
12030106,08058500,2239,938,,,39.0
12030106,08058900,2244,935,,3.94424205119027,164.0
12030106,08059000,2245,930,,3.526686513778274,190.0
12030106,08059350,2266,933,,3.8516470219420755,104.0
12030106,08059400,2255,940,,2.7447750450742627,83.1
12030106,08059500,2256,929,,,113.0
12030106,08059590,2241,928,,2.317878645220665,51.1
12030106,08060000,2256,910,,,324.0
12030106,08061000,2256,911,,28.288562533335636,773.0
12030106,08061480,2257,903,,0.3090847458209625,6.7
12030106,08061500,2254,900,,,840.0
12030106,08061540,2244,903,,5.521421543338139,120.0
12030106,08061548,2249,906,,1.6243005793883232,28.1
12030106,08061551,2255,886,,0.8480261209215317,1071.0
12030106,08061700,2245,890,,1.784428718284001,31.6
12030106,08061750,2254,883,,22.255127961876568,1118.0
12030106,08061950,2248,878,,,23.0
12030106,08062000,2256,868,,25.120522666198855,1256.0
12040101,08067548,2334,649,,2.0786025650585107,84.9
12040101,08067575,2334,636,,,
12040101,08067610,2346,617,,,445.0
12040101,08067650,2348,616,,25.244281651205885,451.0
12040101,08067700,2322,616,,,40.4
12040101,08067900,2344,606,,7.660768554078919,291.0
12040101,08067920,2346,606,,9.63263138393846,314.0
12040101,08068000,2356,605,,15.980869440612148,828.0
12040101,08068090,2368,594,,20.82555407435333,962.0
12040101,08069500,2376,581,,59.158210849793285,1741.0
12040101,08071500,2388,578,,,2800.0
12070102,08109700,2217,614,,2.2802659528735822,236.0
12070102,08109800,2225,622,,2.2999780393514646,244.0
12070102,08110000,2255,612,,10.458671587619246,1009.0
12070102,08110100,2252,623,,2.572579181198054,195.0
12090301,08159105,2152,596,,0.0,1.63
12090301,08159110,2150,619,,0.11100384802380883,5.45
12090301,08159150,2151,627,,,4.61
12090301,08159165,2180,610,,,38.7
12090301,08159170,2177,606,,,63.8
12090301,08159200,2177,588,,58.66326963139394,39979.0
12090301,08159250,2145,587,,0.0,16.1
12090301,08159500,2192,578,,55.21521010897954,40371.0
12090301,08160000,2193,581,,,1.48
12090301,08160400,2217,567,,68.742394936395,40874.0
12090301,08160500,2220,565,,,41155.0
12090301,08160700,2249,545,,,41403.0
12090301,08160800,2253,554,,0.20769670365038617,17.3
12090301,08161000,2253,544,,76.92522341101986,41640.0
12100201,08165300,1978,587,,0.8970133752821939,169.0
12100201,08165500,1985,587,,1.7795565960752293,288.0
12100201,08166000,1989,591,,0.9067317499529723,114.0
12100201,08166140,1997,587,,2.4716041837363427,494.0
12100201,08166200,2000,585,,3.294780105056351,510.0
12100201,08166250,2005,578,,1.7394346749954606,553.0
12100201,08166500,2026,573,,,762.0
12100201,08167000,2025,575,,7.006089238793566,839.0
12100201,08167200,2047,566,,2.3894801646486266,1103.0
12100201,08167347,2065,562,,0.0008703485585609638,0.35
12100201,08167350,2066,561,,0.0007050419991636391,0.16
12100201,08167353,2065,562,,0.0019376844046384947,0.53
12100201,08167500,2075,562,,12.45951949303717,1315.0
12100201,08167600,2076,568,,,10.9
13020101,08252500,1493,1370,,0.30757799003381087,25.1
13020101,08253000,1492,1370,,0.4737725000433543,18.7
13020101,08253500,1490,1369,,0.07351889380978105,2.15
13020101,08254000,1490,1368,,1.0926839210859545,54.6
13020101,08254500,1481,1369,,,152.0
13020101,08255000,1480,1378,,,12.0
13020101,08255500,1472,1380,,1.256729950509023,195.0
13020101,08256000,1471,1380,,0.33513403550926407,
13020101,08257500,1470,1383,,0.02731255457299755,
13020101,08258000,1470,1380,,1.472119975989916,
13020101,08258500,1469,1380,,,
13020101,08258600,1469,1380,,0.7131008578038306,
13020101,08259000,1466,1384,,,
13020101,08259500,1466,1384,,0.08566217288698248,
13020101,08259600,1466,1384,,0.5734511918442926,
13020101,08260500,1471,1380,,,197.0
13020101,08261000,1470,1383,,0.31570600423557854,200.0
13020101,08262000,1464,1389,,,
13020101,08263000,1466,1366,,,10.5
13020101,08263500,1454,1357,,11.462113804247718,8440.0
13020101,08264000,1478,1342,,,19.1
13020101,08264500,1479,1347,,,29.1
13020101,08265000,1463,1352,,1.215054514594899,113.0
13020101,08265500,1465,1355,,0.12621676044045718,
13020101,08266000,1465,1355,,0.42487221803769354,36.7
13020101,08266820,1456,1351,,2.0046314169695534,185.0
13020101,08267000,1452,1347,,,190.0
13020101,08267500,1462,1335,,0.918156482484213,36.2
13020101,08268200,1458,1334,,,40.3
13020101,08268500,1451,1335,,,65.6
13020101,08268700,1449,1335,,16.635898225788118,8760.0
13020101,08269000,1465,1323,,0.7140794134607292,66.6
13020101,08271000,1464,1331,,0.5351726876721916,16.6
13020101,08275000,1461,1317,,,60.5
13020101,08275300,1455,1319,,,199.0
13020101,08275500,1457,1309,,0.4836354841588818,83.0
13020101,08275600,1458,1312,,,37.0
13020101,08276000,1454,1319,,,359.0
13020101,08276300,1451,1318,,1.5213469407603044,380.0
13020101,08276500,1443,1312,,18.746370106250946,9730.0
13020101,08277130,1463,1281,,,5.92
13020101,08277140,1464,1281,,,6.9
13020101,08277150,1465,1281,,,8.3
13020101,08277470,1454,1295,,1.1780582492612133,101.0
13020101,08278000,1447,1298,,,
13020101,08278500,1451,1289,,0.934352923525502,38.0
13020101,08279000,1427,1302,,2.1319325115720935,305.0
13020101,08279500,1423,1302,,20.5587051440872,10400.0
13020101,08280100,1412,1288,,,
13020101,08280200,1412,1288,,,
13020101,08280700,1411,1289,,,
13020101,08281100,1411,1287,,,10550.0
13020101,08291000,1425,1275,,0.8539178433464832,86.0
13020101,08291500,1411,1280,,,188.0
13020101,08292000,1402,1280,,0.09818413126755268,34.5
13020101,08294195,1425,1263,,0.2781477706066131,25.0
13020101,08294210,1423,1263,,0.3181217196975492,34.3
13020101,08294300,1423,1263,,,34.3
13020101,08295000,1421,1264,,,38.2
13020101,08295200,1433,1256,,,0.63
13020101,08301000,1414,1269,,,88.7
13020101,08302200,1431,1253,,,1.6
13020101,08302300,1431,1253,,,0.43
13020101,08302400,1431,1252,,,0.47
13020101,08302500,1422,1251,,0.06393092504112001,11.7
13020101,08304100,1429,1251,,,0.64
13020101,08304200,1429,1250,,,0.69
13020101,08304300,1428,1249,,,0.65
13020101,08304400,1426,1249,,,0.45
13020101,08305000,1424,1249,,,7.06
13020101,08305030,1422,1250,,0.02327387019371335,7.61
13020101,08308025,1420,1254,,0.06548646406038465,
13020101,08308050,1420,1255,,0.0547495671502892,30.2
13020101,08313000,1403,1268,,37.05125118994481,14300.0
13020101,08313030,1393,1269,,0.004453717619324272,
13020101,08313042,1396,1268,,0.01227496509562389,9.08
13020101,08313060,1397,1268,,0.027674542681364205,6.94
13020101,08313150,1401,1264,,39.24187750483698,14360.0
13020201,08313025,1387,1271,,0.0074989277536126496,
13020201,08313125,1396,1267,,3.864582041091812e-05,
13020201,08313204,1394,1267,,0.0,
13020201,08313225,1394,1265,,4.482878088443272e-06,
13020201,08313230,1397,1264,,0.0005122524438236495,
13020201,08313240,1385,1270,,0.004798390233977705,
13020201,08313245,1390,1267,,0.0023211837628935215,
13020201,08313250,1394,1264,,0.0010303407052039606,
13020201,08313252,1383,1266,,0.0003077918107826087,
13020201,08313253,1384,1268,,0.0,
13020201,08313255,1394,1263,,3.800919005637584e-05,
13020201,08313265,1394,1262,,0.0,
13020201,08313268,1396,1259,,25.980172691958558,14170.0
13020201,08313275,1393,1259,,0.016402795581440005,
13020201,08313300,1384,1264,,,8.9
13020201,08313350,1391,1259,,0.04926385023517717,17.5
13020201,08313500,1384,1242,,2.111304317971605,
13020201,08314000,1384,1242,,1.2067738309786438,
13020201,08314500,1385,1244,,,14600.0
13020201,08315479,1429,1245,,0.04398842851208931,
13020201,08315480,1429,1245,,0.15693817231933607,13.5
13020201,08316000,1427,1245,,0.19980741170829167,18.2
13020201,08317200,1392,1234,,0.2667401051547764,231.0
13020201,08317400,1384,1242,,33.65916846113612,14900.0
13020201,08317850,1397,1222,,,567.0
13020201,08317950,1392,1224,,0.11996137312296327,596.0
13020201,08318000,1383,1231,,,640.0
13020201,08319000,1372,1225,,35.74000313024272,16100.0
13020202,08319945,1360,1273,,,
13020202,08321500,1358,1268,,0.8128098677928329,173.0
13020202,08323000,1347,1259,,1.466483975781943,235.0
13020202,08323500,1347,1256,,,230.0
13020202,08324000,1348,1251,,1.7474085427887633,470.0
13020202,08328950,1362,1220,,1.0204942374056518,1034.0
13020202,08329000,1363,1220,,1.6176832965361199,1038.0
13030101,08361000,1272,984,,24.65056610294328,29450.0
14010002,09041900,1452,1645,,0.21049649540432092,
14010002,09043000,1453,1645,,,5.66
14010002,09044000,1454,1644,,,1.15
14010002,09044300,1452,1645,,0.11879537995991206,
14010002,09044500,1454,1644,,,1.95
14010002,09044800,1452,1645,,0.3085166124727476,
14010002,09045000,1454,1647,,,4.79
14010002,09045500,1456,1651,,,5.23
14010002,09046400,1457,1652,,0.3618978803083637,8.39
14010002,09046490,1457,1653,,0.8882388226316977,42.3
14010002,09046530,1456,1657,,0.2604842204907001,10.9
14010002,09046600,1457,1665,,2.710497239240155,123.0
14010002,09046601,1457,1663,,,119.0
14010002,09047000,1457,1670,,,128.0
14010002,09047500,1466,1668,,2.1611093734744213,57.7
14010002,09047700,1463,1667,,0.18248544592057556,9.14
14010002,09048000,1458,1670,,,90.9
14010002,09049200,1446,1659,,,21.0
14010002,09050000,1452,1666,,,81.0
14010002,09050100,1452,1666,,2.9622205667643575,92.2
14010002,09050500,1457,1670,,,111.0
14010002,09050700,1456,1671,,5.852629331460383,334.0
14010002,09051000,1460,1673,,,12.9
14010002,09051050,1458,1672,,0.4397739370343741,18.4
14010002,09051500,1455,1674,,,13.4
14010002,09052000,1452,1682,,0.5759447251441523,15.8
14010002,09052400,1448,1683,,0.47997218277053566,8.56
14010002,09052500,1451,1684,,,9.89
14010002,09052800,1447,1687,,0.6961045153225078,14.2
14010002,09053000,1449,1689,,,16.6
14010002,09053500,1445,1695,,,511.0
14010002,09054000,1441,1692,,0.8342832544910403,15.0
14010002,09054500,1443,1698,,,18.5
14010002,09055000,1442,1697,,,8.4
14010002,09055300,1438,1696,,0.5418627825787747,12.0
14010002,09055500,1440,1697,,,13.6
14010002,09056000,1440,1700,,,571.0
14010002,09056500,1437,1700,,0.48220804482576796,
14010002,09057500,1437,1701,,11.94871420519871,597.0
14010002,09057520,1436,1710,,7.12921154178159,645.0
14010002,392547106023400,1455,1650,,0.29982108818591596,21.1
14010003,09061600,1438,1650,,0.16843937066037792,7.8
14010003,09062000,1433,1645,,,
14010003,09062500,1429,1645,,,
14010003,09063000,1430,1662,,1.1173431999490575,70.2
14010003,09063200,1433,1663,,0.22704087246214563,9.53
14010003,09063400,1432,1663,,0.6071982775118451,23.7
14010003,09063500,1430,1662,,,29.4
14010003,09063900,1419,1650,,0.21440783831474433,6.38
14010003,09064000,1423,1651,,0.8089311323455004,35.6
14010003,09064500,1429,1658,,1.2163402905977705,58.2
14010003,09064600,1427,1667,,3.7678974196934503,186.0
14010003,09065100,1427,1668,,1.511275260953332,34.0
14010003,09065500,1438,1673,,0.8265144804335097,14.5
14010003,09066000,1439,1670,,0.4708156049464686,12.5
14010003,09066050,1438,1673,,,19.6
14010003,09066100,1437,1675,,0.27525505080682217,4.54
14010003,09066150,1437,1675,,0.3294233545123807,5.32
14010003,09066200,1435,1676,,0.3153514911496898,6.18
14010003,09066250,1433,1676,,,57.3
14010003,09066300,1430,1676,,0.14929346020188497,5.96
14010003,09066310,1429,1676,,3.517158417624611,77.1
14010003,09066325,1429,1676,,3.1935184504295124,77.1
14010003,09066400,1429,1681,,0.2446315826260648,7.34
14010003,09066500,1425,1674,,,101.0
14010003,09066510,1424,1673,,3.7708276454269827,102.0
14010003,09067000,1418,1676,,0.36758207879557525,14.7
14010003,09067005,1418,1676,,11.440841445728315,395.0
14010003,09067020,1418,1677,,10.389084277562281,401.0
14010003,09067200,1411,1679,,1.6389398896149774,49.0
14010003,09067300,1408,1691,,,27.3
14010003,09067500,1394,1682,,,629.0
14010003,09067700,1404,1664,,,9.74
14010003,09068000,1397,1671,,,71.4
14010003,09069500,1383,1671,,,62.7
14010003,09070000,1383,1683,,16.054487504469297,945.0
14010003,394220106431500,1402,1686,,14.549788193477882,600.0
14010005,09085100,1350,1676,,91.11558530690698,6014.0
14010005,09085200,1341,1683,,,23.8
14010005,09085300,1343,1683,,,15.1
14010005,09085400,1343,1682,,,6.41
14010005,09085500,1341,1680,,,55.0
14010005,09086000,1328,1692,,0.03234258043965296,9.48
14010005,09086470,1332,1692,,2.276040771307809,91.4
14010005,09086970,1336,1691,,1.175297586519617,23.4
14010005,09087500,1334,1681,,,180.0
14010005,09087600,1333,1680,,,6308.0
14010005,09088000,1335,1671,,,15.3
14010005,09089000,1331,1649,,,34.9
14010005,09089500,1327,1655,,1.1963275209560538,64.6
14010005,09090700,1329,1666,,,40.8
14010005,09090785,1326,1678,,,201.0
14010005,09091500,1322,1694,,,34.3
14010005,09092000,1316,1688,,,137.0
14010005,09092500,1308,1673,,,7.9
14010005,09092570,1299,1677,,,7010.0
14010005,09092600,1295,1671,,,10.5
14010005,09092830,1295,1691,,,12.6
14010005,09092850,1294,1691,,,22.1
14010005,09092960,1297,1684,,,14.5
14010005,09092970,1294,1685,,,20.4
14010005,09092980,1292,1688,,,4.04
14010005,09093000,1286,1686,,,141.0
14010005,09093500,1289,1674,,,198.0
14010005,09093700,1280,1665,,109.16910087184289,7370.0
14010005,09094200,1265,1681,,,151.0
14010005,09094400,1267,1680,,,110.0
14010005,09095000,1268,1677,,,321.0
14010005,09095300,1266,1668,,0.06328014218846649,97.4
14010005,09095400,1271,1667,,,109.0
14010005,09095500,1269,1653,,102.85109236804364,7986.0
14010005,09095526,1228,1661,,,
14010005,09095528,1222,1663,,,
14010005,090955285,1222,1663,,,
14010005,09095529,1222,1663,,,
14010005,09095530,1223,1665,,,
14010005,09095800,1309,1645,,,18.6
14010005,09096000,1307,1646,,,24.1
14010005,09096500,1304,1649,,,80.4
14010005,09096800,1321,1646,,,49.7
14010005,09097500,1303,1652,,,143.0
14010005,09097600,1305,1657,,,9.57
14010005,09097900,1293,1650,,3.361940184747467,327.0
14010005,09098500,1297,1634,,,0.85
14010005,09099000,1297,1635,,,4.92
14010005,09099500,1296,1638,,,20.2
14010005,09100000,1293,1645,,,27.1
14010005,09100500,1289,1638,,,14.0
14010005,09101000,1288,1642,,,17.8
14010005,09101500,1286,1637,,,9.85
14010005,09104000,1278,1637,,,9.35
14010005,09104500,1278,1635,,,6.79
14010005,09105000,1268,1647,,5.123818179996347,592.0
14010005,09106000,1262,1642,,,8738.0
14010005,09106104,1226,1658,,,
14010005,09106108,1223,1658,,,
14010005,09106150,1259,1639,,83.34122134637336,8813.0
14010005,09106200,1248,1636,,0.1843137604076093,4.72
14010005,09106485,1243,1637,,,
14010005,09152650,1238,1641,,,24.9
14010005,09152900,1231,1647,,,15.4
14010005,09153000,1228,1648,,,17100.0
14010005,09153220,1228,1650,,,35.7
14010005,09153270,1227,1651,,,142.0
14010005,09153290,1224,1657,,1.1490218826296745,15.8
14010005,09153300,1225,1653,,,29.3
14010005,09153330,1212,1679,,,95.6
14010005,09153400,1210,1669,,,168.0
14010005,09160000,1215,1671,,,0.02
14010005,09160500,1215,1670,,,0.09
14010005,09161000,1214,1671,,,0.14
14010005,09163050,1214,1667,,,6.51
14010005,09163310,1220,1667,,,197.0
14010005,09163340,1221,1663,,,15.9
14010005,09163490,1216,1659,,,436.0
14010005,09163492,1216,1658,,,438.0
14010005,09163500,1204,1651,,164.93313601159045,17849.0
14010005,391509108433001,1231,1660,,,
14010005,391953108130201,1274,1662,,,509.0
14020003,09115500,1411,1543,,1.7572441785797444,148.0
14020003,09116000,1404,1545,,,209.0
14020003,09117000,1387,1557,,,427.0
14020003,09118000,1395,1562,,,106.0
14020003,09118450,1380,1540,,1.064907103893845,334.0
14020003,09118500,1382,1547,,,361.0
14020003,09119000,1369,1561,,4.4156834177362,1061.0
14020004,09129800,1336,1633,,,38.5
14020004,09130500,1341,1619,,,133.0
14020004,09130600,1324,1634,,,7.42
14020004,09130800,1328,1631,,,27.7
14020004,09131100,1323,1631,,,12.0
14020004,09131200,1330,1628,,,49.9
14020004,09131500,1340,1611,,,257.0
14020004,09132000,1355,1600,,,20.7
14020004,09132050,1347,1611,,,94.6
14020004,09132095,1340,1610,,9.980662838981612,233.0
14020004,09132500,1333,1610,,12.28665647701724,525.0
14020004,09132700,1319,1626,,,1.33
14020004,09132800,1319,1625,,,1.36
14020004,09132900,1320,1623,,,2.34
14020004,09132920,1324,1624,,,20.7
14020004,09132940,1326,1617,,0.7865101962761681,48.6
14020004,09132960,1326,1611,,0.7079422996084062,57.9
14020004,09132985,1323,1616,,0.13179445155932887,4.78
14020004,09132995,1322,1609,,0.3293257933394727,29.4
14020004,09133000,1322,1609,,,653.0
14020004,09134000,1327,1605,,0.5536958147284319,41.7
14020004,09134050,1319,1606,,,53.5
14020004,09134100,1317,1605,,9.115623578579566,744.0
14020004,09134200,1310,1600,,,41.0
14020004,09134700,1303,1614,,,7.24
14020004,09135000,1303,1609,,,51.8
14020004,09135900,1306,1600,,0.6256012773037436,66.7
14020004,09135920,1307,1599,,,66.9
14020004,09135950,1306,1599,,10.685335987046825,923.0
14020004,09136100,1298,1599,,13.949019057298926,969.0
14050002,09250000,1327,1749,,,65.0
14050002,09250400,1323,1760,,,40.0
14050002,09250507,1323,1763,,0.030978291385846304,20.0
14050002,09250510,1323,1763,,0.00041529492858257235,7.22
14050002,09250600,1323,1763,,,27.4
14050002,09250610,1321,1763,,,7.53
14050002,09250700,1316,1766,,,25.6
14050002,09251000,1307,1785,,42.282682768222216,3383.0
14050002,09251100,1274,1785,,44.24114036113678,3837.0
14050002,09260050,1266,1786,,54.51841887307938,7931.0
14060001,09271070,1185,1789,,,
15010001,09383100,916,1378,,393.80840733199966,114272.0
15010001,09402450,897,1361,,0.0002421607114393226,
15010001,09402500,890,1371,,382.1165875313049,141600.0
15010001,09402501,890,1371,,345.06160282426663,
15010001,09403000,889,1371,,0.9674267103040001,101.0
15010002,09403010,888,1368,,0.0011945613114203776,
15010002,09403013,886,1370,,0.0029543539789462594,
15010002,09403015,886,1370,,0.020988603388003162,
15010002,09403016,886,1370,,0.019930270086419104,
15010002,09403043,878,1371,,0.02105108046457761,
15010002,09404115,836,1405,,2.0978034536734214,3020.0
15010002,09404120,824,1402,,349.0871040654821,147931.0
15010002,09404200,772,1358,,392.73109285612725,149316.0
15010002,09404208,772,1357,,0.15351339577403988,279.0
15010003,09403600,871,1486,,0.28015964913837454,194.0
15010003,09403620,894,1510,,,4.81
15010003,09403630,894,1505,,,14.8
15010003,09403640,892,1504,,,2.49
15010003,09403650,890,1508,,,9.8
15010003,09403660,892,1504,,,16.6
15010003,09403670,891,1503,,,19.2
15010003,09403690,885,1486,,0.014898123403599417,237.0
15010003,09403780,863,1461,,,1085.0
15010003,09403850,849,1412,,0.3439127124725823,2367.0
15020001,09383200,1077,1100,,,1.3
15020001,09383220,1077,1099,,,0.5
15020001,09383250,1077,1100,,,1.9
15020001,09383300,1082,1107,,0.11045033107752765,
15020001,09383400,1082,1107,,0.2915941493095634,29.1
15020001,09383409,1088,1110,,0.08029037228452916,
15020001,09383420,1098,1117,,0.0299632277904797,
15020001,09383430,1099,1117,,0.33937145260660573,154.0
15020001,09383500,1107,1105,,0.08037955612490927,83.3
15020001,09383550,1106,1108,,,86.8
15020001,09383570,1101,1118,,0.04844591329557268,166.0
15020001,09383590,1096,1124,,0.004427084004546207,
15020001,09383595,1099,1123,,0.40019971383290615,346.0
15020001,09384000,1096,1138,,0.42831852304922924,706.0
15020001,09384600,1095,1145,,,790.0
15020001,09385000,1095,1144,,,
15030101,09421500,659,1410,,371.12394593569906,171700.0
15030101,09423000,654,1319,,374.615598936069,173300.0
15030101,09423553,645,1281,,4.488155088632938,
15030101,09423560,645,1278,,0.7976526271985912,
15030101,09423650,650,1269,,0.221995541363868,
15030101,09424050,635,1247,,,2.04
15030101,09424150,670,1217,,39.74652650332548,
15030101,09424170,669,1216,,,6.79
15030201,09424200,750,1297,,,143.0
15030201,09424380,732,1275,,0.6370950242020018,573.8
15030201,09424425,729,1244,,0.22391096968868573,
15030201,09424450,720,1223,,2.5224874626382743,2742.0
16010201,10044300,1077,2008,,0.32092219143107376,
16010201,10046000,1076,2011,,8.933964173783634,0.01
16010201,10046500,1076,2013,,0.18017670015521683,2853.0
16010201,10047000,1087,2021,,,28.2
16010201,10047500,1082,2020,,,49.5
16010201,10054600,1060,2000,,,17.4
16010201,10058500,1063,2008,,,21.8
16010201,10058600,1064,2008,,,24.0
16010201,10059500,1072,2010,,9.562295232013092,
16010201,10060500,1063,2011,,,18.3
16010201,10063000,1062,2024,,,27.6
16010201,10068500,1074,2030,,12.99325806694548,3705.0
16010201,10069000,1079,2039,,,21.9
16010201,10071500,1067,2039,,,4.95
16010201,10072000,1071,2038,,,35.2
16010201,10072800,1060,2047,,,17.3
16010201,10075000,1061,2055,,17.622050779303866,3970.0
16010201,10076400,1060,2068,,,38.4
16010201,10076500,1060,2068,,,38.4
16010201,10077000,1059,2066,,,46.8
16030001,10173450,884,1541,,1.359012930718305,105.0
16030001,10173600,864,1533,,,25.7
16030001,10173900,867,1532,,,
16030001,10174000,883,1533,,,
16030001,10174500,892,1542,,3.1450105538186737,340.0
16030001,10176300,886,1557,,,97.0
16030001,10180000,909,1589,,3.7959151265653386,986.0
16030001,10183500,922,1598,,3.3723821685821407,1131.0
16030001,10189001,926,1610,,,
16030001,10190500,925,1600,,,2390.0
16050101,10336580,295,1816,,1.0413714530656888,14.09
16050101,10336593,295,1816,,,6.99
16050101,10336600,296,1821,,,33.1
16050101,103366092,296,1822,,2.238052724512071,39.3
16050101,103366097,298,1824,,0.08716308675349924,5.8
16050101,10336610,301,1828,,2.717321994676104,54.9
16050101,10336626,295,1830,,0.5957145448261136,16.7
16050101,10336630,292,1834,,,6.38
16050101,10336640,294,1843,,,8.08
16050101,10336645,295,1845,,0.467228640701934,7.44
16050101,10336650,293,1848,,,0.95
16050101,10336655,291,1850,,,1.4
16050101,10336658,293,1850,,,2.06
16050101,10336660,293,1852,,0.9892173901875938,11.2
16050101,10336670,289,1856,,,2.0
16050101,10336672,290,1856,,,0.89
16050101,10336674,290,1856,,0.4557735592459249,4.96
16050101,10336675,292,1855,,0.7423591942772557,8.97
16050101,10336676,294,1854,,0.7348486070783384,9.7
16050101,10336684,301,1859,,,1.07
16050101,10336686,303,1862,,0.03835759664657757,2.93
16050101,10336689,307,1862,,,4.43
16050101,10336698,314,1860,,0.20830246568589167,6.05
16050101,103366993,317,1862,,0.1101483079542524,2.85
16050101,103366995,315,1861,,0.15438753794759155,4.54
16050101,10336700,315,1860,,0.2104498373206237,6.74
16050101,10336715,315,1852,,0.056721636866492106,2.86
16050101,10336730,310,1844,,0.051127323813620805,4.11
16050101,10336740,310,1842,,0.01547721393027965,2.09
16050101,10336756,310,1832,,,
16050101,10336757,310,1831,,,
16050101,10336758,309,1832,,,
16050101,103367585,309,1831,,0.04228366096756428,3.13
16050101,10336759,308,1831,,,3.2
16050101,103367592,307,1830,,0.024090886736006324,0.63
16050101,10336760,307,1832,,0.12612549882788873,5.61
16050101,10336765,306,1832,,0.0385377319077545,5.5
16050101,10336770,302,1821,,0.29365517651286727,7.4
16050101,10336775,302,1826,,0.6172502526068598,23.7
16050101,10336778,303,1826,,0.21044113637690265,
16050101,10336780,303,1828,,1.015504996299167,36.7
16050101,10336785,303,1828,,0.0012710218856009142,3.1
16050101,10336790,302,1829,,0.40114592537650995,40.4
16050101,11434500,295,1820,,0.04317224628276102,
17010101,12300200,935,2778,,,35.4
17010101,12300500,946,2740,,,109.0
17010101,12301000,954,2758,,,54.9
17010101,12301250,942,2767,,7.160995270607543,396.2
17010101,12301300,940,2769,,7.55878353166322,419.0
17010101,12301500,930,2769,,,8398.0
17010101,12301550,929,2765,,,75.8
17010101,12301810,918,2758,,,136.0
17010101,12301850,917,2731,,,8907.0
17010101,12301933,912,2721,,312.2654536528896,8999.0
17010101,12302500,891,2715,,,23.7
17010101,12303000,896,2725,,416.0433792814056,10179.0
17010101,12303100,891,2720,,0.7198007695199145,11.2
17010101,12303500,875,2735,,10.640733336051115,204.0
17010101,12304000,874,2736,,,85.8
17050101,13153783,789,2154,,,
17050101,13153786,784,2151,,,
17050101,13154500,790,2154,,258.2897243625594,35800.0
17050101,13154510,789,2154,,0.33130317223104,
17050101,13155000,787,2156,,,83.6
17050101,13155074,783,2151,,1.5374683598872665,
17050101,13155075,782,2151,,1.987204723774734,
17050101,13155300,785,2172,,,14.2
17050101,13155350,784,2161,,,
17050101,13155400,788,2163,,,25.6
17050101,13155500,781,2154,,,43.3
17050101,13155620,780,2150,,,48.1
17050101,13155700,776,2152,,,40.1
17050101,13155750,774,2150,,0.6232261760461254,
17050101,13155800,774,2150,,1.632445595665774,
17050101,13156000,771,2152,,,68.4
17050101,13156500,772,2183,,,21.1
17050101,13157000,766,2153,,,110.2
17050101,13157015,765,2151,,0.15764016831279765,
17050101,13157105,762,2154,,0.16233731631302964,
17050101,13157110,762,2154,,0.08388370833610302,
17050101,13157120,761,2153,,0.3422633429666692,
17050101,13157125,761,2153,,0.37065958258649717,
17050101,13157130,761,2153,,0.09880067946116766,
17050101,13157150,760,2153,,,110.8
17050101,13157160,759,2155,,0.23001100276048458,
17050101,13157291,757,2156,,0.2302494806930077,
17050101,13157293,757,2156,,0.10742124658158947,
17050101,13157296,756,2158,,0.6512236675625203,
17050101,13157300,756,2157,,1.1265335919821198,
17050101,13157305,752,2156,,0.09003796780532135,
17050101,13157310,752,2156,,0.18549797122935632,
17050101,13157315,752,2157,,0.2103055585361926,
17050101,13157325,750,2156,,0.0889497813707687,
17050101,13157340,746,2157,,0.16965834668420424,
17050101,13157370,743,2159,,0.35931789144958726,
17050101,13158000,767,2192,,,4.73
17050101,13159000,768,2190,,,27.3
17050101,13159500,761,2193,,,29.4
17050101,13159800,758,2190,,0.9474309559563093,70.5
17050101,13160000,757,2185,,,82.8
17050101,13160500,757,2185,,,
17050101,13161000,757,2184,,,
17050101,131610556,738,2172,,4.4249959058729984e-05,
17050101,13170500,729,2162,,,
17050101,13170700,730,2159,,0.7543392922994697,
17050101,13170900,729,2161,,1.1401343699597137,
17050101,13171000,731,2161,,,2650.0
17050101,13171100,729,2163,,4.099355701469826,
17060101,13290450,734,2416,,486.55552813039185,73300.0
17060101,13290500,745,2476,,,73800.0
17070101,10393500,508,2306,,5.255561288334062,934.0
17070101,14006000,591,2552,,,
17070101,14019200,565,2537,,,214000.0
17070101,14034350,517,2541,,,197.0
17070101,14036500,474,2549,,,120.0
17070101,14036600,477,2542,,,213.0
18010201,11491400,311,2275,,1.4082970883450785,205.0
18010201,11491450,314,2278,,,0.9
18010201,11491470,315,2281,,,11.3
18010201,11491950,290,2312,,,21.6
18010201,11492400,292,2282,,0.09343417747552733,
18010201,11492550,282,2279,,,
18010201,11493100,281,2282,,,
18010201,11493500,279,2266,,1.7428541769069343,1290.0
18010201,11502500,269,2249,,25.431445983505967,3030.0
18010202,11495800,335,2221,,1.971513023316133,77.7
18010202,11497500,314,2221,,4.483249202358169,526.0
18010202,11499000,311,2234,,,540.0
18010202,11499100,312,2226,,1.2020723297164437,568.0
18010202,11501000,272,2250,,14.81231683753508,1565.0
18020104,11389000,158,1933,,312.7263438155538,12075.0
18020104,11389350,152,1922,,,
18020104,11389390,151,1922,,,
18020104,11389470,151,1910,,,
18020104,11389500,149,1908,,315.4309861027946,12090.0
18020104,11390425,160,1897,,,
18020104,11390480,157,1884,,,
18020104,11390500,157,1883,,277.6720463405654,12915.0
18020104,11390655,129,1952,,,38.9
18020104,11390660,148,1955,,,60.4
18020104,11390672,128,1924,,,38.2
18020104,11391000,159,1859,,,14535.0
18020104,11391002,159,1859,,,
18020104,11391020,161,1853,,,
18020104,11391021,161,1853,,,
18070101,11114495,220,1352,,0.7425511217408436,47.8
18070101,11114500,222,1350,,,50.7
18070101,11115500,224,1348,,,54.6
18070101,11116000,224,1349,,,15.6
18070101,11116500,225,1348,,,70.7
18070101,11116550,225,1346,,,76.4
18070101,11117500,221,1338,,,51.2
18070101,11117600,216,1343,,,13.2
18070101,11117800,219,1343,,,9.11
18070101,11118000,219,1335,,,41.2
18070101,11118400,220,1335,,0.09586805457473228,
18070101,11118500,220,1335,,1.9716365921732417,188.0
18070101,11118501,220,1335,,2.88260320793335,188.0
